0.025399431,-2.34798E-06,3.84088E-07,2.60154E-06,-5.46499E-06,7.27752E-06,1.65454E-06
0.049259513,-4.55367E-06,7.44858E-07,5.04539E-06,-1.05987E-05,1.4114E-05,3.20971E-06
0.071611657,-6.61995E-06,1.08284E-06,7.3348E-06,-1.5408E-05,2.05184E-05,4.66627E-06
0.092487275,-8.54974E-06,1.39853E-06,9.47299E-06,-1.98997E-05,2.64998E-05,6.02584E-06
0.111917778,-1.03459E-05,1.69237E-06,1.14632E-05,-2.40804E-05,3.20671E-05,7.29133E-06
0.129934582,-1.20115E-05,1.96482E-06,1.33085E-05,-2.79569E-05,3.72293E-05,8.46492E-06
0.146569103,-1.35492E-05,2.21637E-06,1.50123E-05,-3.15361E-05,4.19955E-05,9.5485E-06
0.161852756,-1.49621E-05,2.44749E-06,1.65778E-05,-3.48245E-05,4.63746E-05,1.05441E-05
0.175816957,-1.62529E-05,2.65865E-06,1.80081E-05,-3.78291E-05,5.03756E-05,1.14536E-05
0.188493122,-1.74248E-05,2.85035E-06,1.93064E-05,-4.05565E-05,5.40076E-05,1.22792E-05
0.199912666,-1.84804E-05,3.02304E-06,2.04761E-05,-4.30136E-05,5.72795E-05,1.3023E-05
0.210107004,-1.94228E-05,3.1772E-06,2.15203E-05,-4.5207E-05,6.02004E-05,1.3687E-05
0.219107552,-2.02548E-05,3.31331E-06,2.24421E-05,-4.71436E-05,6.27793E-05,1.42733E-05
0.226945726,-2.09794E-05,3.43184E-06,2.3245E-05,-4.88301E-05,6.50251E-05,1.47838E-05
0.233652941,-2.15994E-05,3.53327E-06,2.3932E-05,-5.02732E-05,6.69469E-05,1.52207E-05
0.239260612,-2.21178E-05,3.61808E-06,2.45063E-05,-5.14798E-05,6.85536E-05,1.55859E-05
0.243800156,-2.25375E-05,3.68673E-06,2.49713E-05,-5.24565E-05,6.98543E-05,1.58816E-05
0.247302987,-2.28613E-05,3.7397E-06,2.53301E-05,-5.32102E-05,7.08579E-05,1.61097E-05
0.249800522,-2.30922E-05,3.77747E-06,2.55859E-05,-5.37476E-05,7.15735E-05,1.62724E-05
0.251324175,-2.3233E-05,3.80051E-06,2.57419E-05,-5.40754E-05,7.20101E-05,1.63716E-05
0.251905363,-2.32867E-05,3.8093E-06,2.58015E-05,-5.42005E-05,7.21766E-05,1.64095E-05
0.2515755,-2.32562E-05,3.80432E-06,2.57677E-05,-5.41295E-05,7.20821E-05,1.6388E-05
0.250366003,-2.31444E-05,3.78603E-06,2.56438E-05,-5.38693E-05,7.17355E-05,1.63092E-05
0.248308286,-2.29542E-05,3.75491E-06,2.5433E-05,-5.34265E-05,7.1146E-05,1.61751E-05
0.245433766,-2.26885E-05,3.71144E-06,2.51386E-05,-5.2808E-05,7.03223E-05,1.59878E-05
0.241773858,-2.23502E-05,3.6561E-06,2.47637E-05,-5.20206E-05,6.92737E-05,1.57494E-05
0.237359978,-2.19421E-05,3.58935E-06,2.43116E-05,-5.10709E-05,6.8009E-05,1.54618E-05
0.23222354,-2.14673E-05,3.51168E-06,2.37855E-05,-4.99657E-05,6.65373E-05,1.51272E-05
0.226395961,-2.09286E-05,3.42356E-06,2.31886E-05,-4.87118E-05,6.48676E-05,1.47476E-05
0.219908655,-2.03289E-05,3.32546E-06,2.25242E-05,-4.7316E-05,6.30088E-05,1.4325E-05
0.21279304,-1.96711E-05,3.21786E-06,2.17954E-05,-4.5785E-05,6.09701E-05,1.38615E-05
0.205080529,-1.89581E-05,3.10123E-06,2.10054E-05,-4.41256E-05,5.87603E-05,1.33591E-05
0.196802539,-1.81929E-05,2.97605E-06,2.01575E-05,-4.23444E-05,5.63884E-05,1.28198E-05
0.187990485,-1.73783E-05,2.8428E-06,1.9255E-05,-4.04484E-05,5.38636E-05,1.22458E-05
0.178675783,-1.65172E-05,2.70194E-06,1.83009E-05,-3.84443E-05,5.11947E-05,1.16391E-05
0.168889848,-1.56126E-05,2.55396E-06,1.72986E-05,-3.63387E-05,4.83908E-05,1.10016E-05
0.158664095,-1.46673E-05,2.39933E-06,1.62512E-05,-3.41385E-05,4.54609E-05,1.03355E-05
0.148029941,-1.36842E-05,2.23852E-06,1.5162E-05,-3.18504E-05,4.24139E-05,9.64278E-06
0.137018801,-1.26663E-05,2.07201E-06,1.40342E-05,-2.94813E-05,3.9259E-05,8.9255E-06
0.125662089,-1.16165E-05,1.90027E-06,1.2871E-05,-2.70377E-05,3.6005E-05,8.18572E-06
0.113991223,-1.05376E-05,1.72379E-06,1.16756E-05,-2.45266E-05,3.26611E-05,7.42546E-06
0.102037616,-9.4326E-06,1.54302E-06,1.04512E-05,-2.19546E-05,2.92361E-05,6.64679E-06
0.089832686,-8.30435E-06,1.35846E-06,9.20114E-06,-1.93286E-05,2.57391E-05,5.85175E-06
0.077407847,-7.15577E-06,1.17057E-06,7.92852E-06,-1.66552E-05,2.21791E-05,5.04239E-06
0.064794515,-5.98976E-06,9.79835E-07,6.6366E-06,-1.39413E-05,1.85651E-05,4.22074E-06
0.052024105,-4.80923E-06,7.86721E-07,5.32858E-06,-1.11936E-05,1.49061E-05,3.38886E-06
0.039128033,-3.61709E-06,5.91707E-07,4.00769E-06,-8.41889E-06,1.12111E-05,2.54879E-06
0.026137714,-2.41623E-06,3.95267E-07,2.67715E-06,-5.62386E-06,7.48905E-06,1.70258E-06
0.013084565,-1.20956E-06,1.97877E-07,1.34018E-06,-2.81532E-06,3.74903E-06,8.52286E-07
-2.47684E-10,4.13066E-12,1.25972E-11,-1.05064E-11,-1.5517E-11,9.53002E-12,-4.96649E-11
-0.003272104,3.4401E-06,-1.3961E-06,-3.83027E-06,9.30229E-06,-1.12139E-05,-3.03175E-06
-0.006542266,6.68987E-06,-2.71055E-06,-7.4485E-06,1.80831E-05,-2.18046E-05,-5.89249E-06
-0.0098085,9.75301E-06,-3.94501E-06,-1.08588E-05,2.63526E-05,-3.1784E-05,-8.58566E-06
-0.013068844,1.26332E-05,-5.10109E-06,-1.40654E-05,3.41209E-05,-4.11643E-05,-1.11146E-05
-0.016321333,1.53341E-05,-6.18044E-06,-1.70723E-05,4.13984E-05,-4.99577E-05,-1.34826E-05
-0.019564005,1.78595E-05,-7.18468E-06,-1.98836E-05,4.81952E-05,-5.81763E-05,-1.56932E-05
-0.022794897,2.02131E-05,-8.11546E-06,-2.25035E-05,5.45215E-05,-6.58323E-05,-1.77495E-05
-0.026012044,2.23985E-05,-8.97441E-06,-2.49362E-05,6.03876E-05,-7.29377E-05,-1.96551E-05
-0.029213482,2.44195E-05,-9.76317E-06,-2.71856E-05,6.58036E-05,-7.95049E-05,-2.14132E-05
-0.03239725,2.62797E-05,-1.04834E-05,-2.9256E-05,7.07798E-05,-8.55458E-05,-2.30273E-05
-0.035561383,2.79829E-05,-1.11366E-05,-3.11515E-05,7.53263E-05,-9.10727E-05,-2.45006E-05
-0.038703917,2.95327E-05,-1.17246E-05,-3.28762E-05,7.94535E-05,-9.60977E-05,-2.58366E-05
-0.04182289,3.09329E-05,-1.2249E-05,-3.44341E-05,8.31714E-05,-0.000100633,-2.70385E-05
-0.044916338,3.21871E-05,-1.27113E-05,-3.58295E-05,8.64904E-05,-0.000104691,-2.81098E-05
-0.047982297,3.32991E-05,-1.31133E-05,-3.70665E-05,8.94206E-05,-0.000108283,-2.90538E-05
-0.051018804,3.42725E-05,-1.34565E-05,-3.81492E-05,9.19723E-05,-0.000111422,-2.98739E-05
-0.054023896,3.51111E-05,-1.37426E-05,-3.90816E-05,9.41556E-05,-0.000114119,-3.05734E-05
-0.056995608,3.58185E-05,-1.39733E-05,-3.9868E-05,9.59808E-05,-0.000116388,-3.11557E-05
-0.059931978,3.63985E-05,-1.41501E-05,-4.05125E-05,9.7458E-05,-0.00011824,-3.16241E-05
-0.062831042,3.68547E-05,-1.42747E-05,-4.10191E-05,9.85976E-05,-0.000119687,-3.1982E-05
-0.065690837,3.71908E-05,-1.43488E-05,-4.13919E-05,9.94097E-05,-0.000120742,-3.22328E-05
-0.068509398,3.74106E-05,-1.43739E-05,-4.16353E-05,9.99044E-05,-0.000121416,-3.23798E-05
-0.071284764,3.75178E-05,-1.43517E-05,-4.17531E-05,0.000100092,-0.000121721,-3.24264E-05
-0.074014969,3.7516E-05,-1.42839E-05,-4.17496E-05,9.9983E-05,-0.000121671,-3.23759E-05
-0.076698051,3.74089E-05,-1.41721E-05,-4.16289E-05,9.95872E-05,-0.000121277,-3.22317E-05
-0.079332047,3.72003E-05,-1.40179E-05,-4.1395E-05,9.8915E-05,-0.000120551,-3.19971E-05
-0.081914992,3.68938E-05,-1.3823E-05,-4.10522E-05,9.79766E-05,-0.000119505,-3.16756E-05
-0.084444923,3.64932E-05,-1.35889E-05,-4.06045E-05,9.67821E-05,-0.000118152,-3.12704E-05
-0.086919877,3.60021E-05,-1.33174E-05,-4.00561E-05,9.53419E-05,-0.000116503,-3.0785E-05
-0.089337891,3.54242E-05,-1.301E-05,-3.94111E-05,9.36661E-05,-0.000114571,-3.02226E-05
-0.091697,3.47633E-05,-1.26684E-05,-3.86736E-05,9.17649E-05,-0.000112368,-2.95866E-05
-0.093995242,3.4023E-05,-1.22943E-05,-3.78477E-05,8.96485E-05,-0.000109906,-2.88805E-05
-0.096230653,3.32071E-05,-1.18892E-05,-3.69376E-05,8.73272E-05,-0.000107197,-2.81075E-05
-0.098401269,3.23192E-05,-1.14548E-05,-3.59473E-05,8.48112E-05,-0.000104254,-2.7271E-05
-0.100505128,3.1363E-05,-1.09928E-05,-3.48811E-05,8.21106E-05,-0.000101088,-2.63744E-05
-0.102540265,3.03423E-05,-1.05048E-05,-3.37429E-05,7.92357E-05,-9.7712E-05,-2.54211E-05
-0.104504717,2.92607E-05,-9.99232E-06,-3.2537E-05,7.61968E-05,-9.41376E-05,-2.44143E-05
-0.10639652,2.81219E-05,-9.45714E-06,-3.12674E-05,7.30039E-05,-9.03771E-05,-2.33575E-05
-0.108213712,2.69297E-05,-8.90083E-06,-2.99384E-05,6.96674E-05,-8.64427E-05,-2.2254E-05
-0.109954328,2.56876E-05,-8.32505E-06,-2.85539E-05,6.61974E-05,-8.23466E-05,-2.11071E-05
-0.111616406,2.43996E-05,-7.73142E-06,-2.71182E-05,6.26042E-05,-7.81008E-05,-1.99203E-05
-0.113197981,2.30691E-05,-7.12159E-06,-2.56353E-05,5.88979E-05,-7.37176E-05,-1.86968E-05
-0.114697091,2.17E-05,-6.49718E-06,-2.41094E-05,5.50888E-05,-6.92091E-05,-1.74401E-05
-0.116111771,2.02959E-05,-5.85984E-06,-2.25445E-05,5.11871E-05,-6.45874E-05,-1.61535E-05
-0.117440058,1.88606E-05,-5.2112E-06,-2.09449E-05,4.7203E-05,-5.98647E-05,-1.48403E-05
-0.11867999,1.73977E-05,-4.55289E-06,-1.93146E-05,4.31468E-05,-5.50531E-05,-1.3504E-05
-0.119829602,1.59109E-05,-3.88656E-06,-1.76578E-05,3.90285E-05,-5.01649E-05,-1.21478E-05
-0.12088693,1.44039E-05,-3.21383E-06,-1.59786E-05,3.48585E-05,-4.5212E-05,-1.07751E-05
-0.121850012,1.28805E-05,-2.53634E-06,-1.4281E-05,3.06469E-05,-4.02067E-05,-9.38936E-06
-0.122716885,1.13442E-05,-1.85574E-06,-1.25693E-05,2.6404E-05,-3.51612E-05,-7.99384E-06
-0.102620356,9.98641E-06,-1.30441E-06,-1.0286E-05,2.04103E-05,-2.91755E-05,-8.56824E-06
-0.0836306,8.67634E-06,-7.744E-07,-8.10269E-06,1.46894E-05,-2.34412E-05,-9.0788E-06
-0.065725411,7.41334E-06,-2.6539E-07,-6.01762E-06,9.23658E-06,-1.79542E-05,-9.52706E-06
-0.048882577,6.19671E-06,2.22948E-07,-4.02906E-06,4.04699E-06,-1.27103E-05,-9.91457E-06
-0.033079892,5.02576E-06,6.90932E-07,-2.1353E-06,-8.8416E-07,-7.70524E-06,-1.02429E-05
-0.018295144,3.8998E-06,1.13889E-06,-3.3461E-07,-5.56168E-06,-2.93476E-06,-1.05136E-05
-0.004506121,2.81813E-06,1.56714E-06,1.37474E-06,-9.99039E-06,1.6053E-06,-1.07281E-05
0.008309389,1.78007E-06,1.97601E-06,2.99448E-06,-1.41751E-05,5.91916E-06,-1.08882E-05
0.020173598,7.84927E-07,2.36582E-06,4.52633E-06,-1.81206E-05,1.00111E-05,-1.09952E-05
0.031108717,-1.68E-07,2.73689E-06,5.972E-06,-2.18317E-05,1.38852E-05,-1.10508E-05
0.041136958,-1.0794E-06,3.08955E-06,7.33324E-06,-2.53133E-05,1.75458E-05,-1.10565E-05
0.050280533,-1.94996E-06,3.42411E-06,8.61176E-06,-2.857E-05,2.0997E-05,-1.10139E-05
0.058561653,-2.78039E-06,3.74092E-06,9.8093E-06,-3.16068E-05,2.42432E-05,-1.09244E-05
0.066002531,-3.57136E-06,4.04027E-06,1.09276E-05,-3.44285E-05,2.72884E-05,-1.07897E-05
0.072625378,-4.32358E-06,4.3225E-06,1.19683E-05,-3.70398E-05,3.0137E-05,-1.06113E-05
0.078452406,-5.03773E-06,4.58793E-06,1.29332E-05,-3.94455E-05,3.27931E-05,-1.03908E-05
0.083505827,-5.7145E-06,4.83689E-06,1.38241E-05,-4.16506E-05,3.52609E-05,-1.01297E-05
0.087807852,-6.3546E-06,5.0697E-06,1.46425E-05,-4.36597E-05,3.75447E-05,-9.8295E-06
0.091380693,-6.95871E-06,5.28668E-06,1.53904E-05,-4.54778E-05,3.96486E-05,-9.49182E-06
0.094246562,-7.52753E-06,5.48815E-06,1.60693E-05,-4.71095E-05,4.15769E-05,-9.1182E-06
0.096427671,-8.06174E-06,5.67445E-06,1.66811E-05,-4.85598E-05,4.33339E-05,-8.71018E-06
0.097946232,-8.56204E-06,5.84589E-06,1.72274E-05,-4.98333E-05,4.49236E-05,-8.26931E-06
0.098824455,-9.02913E-06,6.00279E-06,1.771E-05,-5.09351E-05,4.63503E-05,-7.79714E-06
0.099084554,-9.46368E-06,6.14548E-06,1.81306E-05,-5.18697E-05,4.76183E-05,-7.29522E-06
0.09874874,-9.86641E-06,6.27428E-06,1.84909E-05,-5.26421E-05,4.87317E-05,-6.76511E-06
0.097839224,-1.0238E-05,6.38952E-06,1.87927E-05,-5.32571E-05,4.96948E-05,-6.20834E-06
0.096378218,-1.05791E-05,6.49152E-06,1.90376E-05,-5.37195E-05,5.05117E-05,-5.62647E-06
0.094387935,-1.08905E-05,6.58059E-06,1.92275E-05,-5.4034E-05,5.11868E-05,-5.02106E-06
0.091890585,-1.11728E-05,6.65707E-06,1.93639E-05,-5.42056E-05,5.17241E-05,-4.39364E-06
0.088908381,-1.14268E-05,6.72129E-06,1.94488E-05,-5.42389E-05,5.2128E-05,-3.74577E-06
0.085463534,-1.16531E-05,6.77355E-06,1.94837E-05,-5.41388E-05,5.24026E-05,-3.079E-06
0.081578256,-1.18523E-05,6.81419E-06,1.94704E-05,-5.39102E-05,5.25521E-05,-2.39488E-06
0.077274759,-1.20253E-05,6.84352E-06,1.94107E-05,-5.35578E-05,5.25808E-05,-1.69496E-06
0.072575255,-1.21727E-05,6.86188E-06,1.93062E-05,-5.30865E-05,5.24928E-05,-9.80782E-07
0.067501955,-1.22952E-05,6.86959E-06,1.91587E-05,-5.2501E-05,5.22925E-05,-2.53904E-07
0.062077071,-1.23935E-05,6.86696E-06,1.897E-05,-5.18061E-05,5.19839E-05,4.84127E-07
0.056322815,-1.24682E-05,6.85432E-06,1.87416E-05,-5.10068E-05,5.15713E-05,1.23176E-06
0.050261399,-1.25201E-05,6.83199E-06,1.84755E-05,-5.01077E-05,5.1059E-05,1.98745E-06
0.043915034,-1.25499E-05,6.80031E-06,1.81732E-05,-4.91137E-05,5.04511E-05,2.74964E-06
0.037305932,-1.25582E-05,6.75958E-06,1.78365E-05,-4.80296E-05,4.97519E-05,3.51678E-06
0.030456305,-1.25458E-05,6.71014E-06,1.74672E-05,-4.68602E-05,4.89656E-05,4.28733E-06
0.023388365,-1.25133E-05,6.6523E-06,1.7067E-05,-4.56103E-05,4.80963E-05,5.05973E-06
0.016124323,-1.24615E-05,6.5864E-06,1.66375E-05,-4.42848E-05,4.71483E-05,5.83243E-06
0.008686391,-1.23909E-05,6.51274E-06,1.61806E-05,-4.28884E-05,4.61258E-05,6.60389E-06
0.001096782,-1.23024E-05,6.43167E-06,1.56979E-05,-4.14259E-05,4.50331E-05,7.37256E-06
-0.006622294,-1.21966E-05,6.3435E-06,1.51912E-05,-3.99022E-05,4.38743E-05,8.13688E-06
-0.014448625,-1.20742E-05,6.24855E-06,1.46622E-05,-3.83221E-05,4.26536E-05,8.8953E-06
-0.022359998,-1.19359E-05,6.14714E-06,1.41126E-05,-3.66903E-05,4.13753E-05,9.64628E-06
-0.030334203,-1.17824E-05,6.03961E-06,1.35442E-05,-3.50117E-05,4.00436E-05,1.03883E-05
-0.038349027,-1.16143E-05,5.92627E-06,1.29586E-05,-3.32912E-05,3.86627E-05,1.11197E-05
-0.032526476,-1.14848E-05,7.14716E-06,1.14109E-05,-3.13439E-05,3.64031E-05,1.50126E-05
-0.027144764,-1.13482E-05,8.28625E-06,9.93429E-06,-2.94537E-05,3.42188E-05,1.86689E-05
-0.022193778,-1.12048E-05,9.34527E-06,8.52766E-06,-2.76198E-05,3.21086E-05,2.20932E-05
-0.017663381,-1.10548E-05,1.03259E-05,7.18966E-06,-2.58416E-05,3.00713E-05,2.52905E-05
-0.01354344,-1.08985E-05,1.12299E-05,5.91899E-06,-2.41182E-05,2.81057E-05,2.82655E-05
-0.009823825,-1.07361E-05,1.2059E-05,4.71435E-06,-2.24489E-05,2.62109E-05,3.10229E-05
-0.006494405,-1.05677E-05,1.28148E-05,3.57442E-06,-2.0833E-05,2.43855E-05,3.35675E-05
-0.003545047,-1.03937E-05,1.34991E-05,2.49791E-06,-1.92697E-05,2.26285E-05,3.5904E-05
-0.000965618,-1.02142E-05,1.41136E-05,1.48351E-06,-1.77583E-05,2.09387E-05,3.80374E-05
0.001254012,-1.00294E-05,1.466E-05,5.29918E-07,-1.62979E-05,1.93149E-05,3.99722E-05
0.003123976,-9.83966E-06,1.51401E-05,-3.64162E-07,-1.4888E-05,1.77561E-05,4.17133E-05
0.004654405,-9.64511E-06,1.55555E-05,-1.20004E-06,-1.35276E-05,1.62611E-05,4.32654E-05
0.005855432,-9.44598E-06,1.59079E-05,-1.97902E-06,-1.22161E-05,1.48287E-05,4.46333E-05
0.006737187,-9.24251E-06,1.6199E-05,-2.70241E-06,-1.09527E-05,1.34577E-05,4.58219E-05
0.007309803,-9.03492E-06,1.64307E-05,-3.37151E-06,-9.73666E-06,1.21472E-05,4.68357E-05
0.007583412,-8.82343E-06,1.66045E-05,-3.98763E-06,-8.56722E-06,1.08958E-05,4.76797E-05
0.007568146,-8.60826E-06,1.67222E-05,-4.55206E-06,-7.44365E-06,9.70252E-06,4.83586E-05
0.007274135,-8.38964E-06,1.67855E-05,-5.06612E-06,-6.36518E-06,8.56614E-06,4.88771E-05
0.006711513,-8.16779E-06,1.67961E-05,-5.53111E-06,-5.33107E-06,7.48553E-06,4.924E-05
0.00589041,-7.94294E-06,1.67557E-05,-5.94833E-06,-4.34056E-06,6.45956E-06,4.94521E-05
0.004820959,-7.7153E-06,1.66661E-05,-6.31908E-06,-3.39292E-06,5.48707E-06,4.95182E-05
0.003513292,-7.4851E-06,1.65289E-05,-6.64468E-06,-2.48738E-06,4.56691E-06,4.94429E-05
0.00197754,-7.25257E-06,1.63459E-05,-6.92641E-06,-1.6232E-06,3.69795E-06,4.92312E-05
0.000223835,-7.01793E-06,1.61188E-05,-7.16558E-06,-7.99633E-07,2.87903E-06,4.88877E-05
-0.00173769,-6.78139E-06,1.58493E-05,-7.3635E-06,-1.59313E-08,2.109E-06,4.84172E-05
-0.003896905,-6.5432E-06,1.5539E-05,-7.52147E-06,7.28657E-07,1.38673E-06,4.78245E-05
-0.006243678,-6.30356E-06,1.51898E-05,-7.64079E-06,1.43488E-06,7.11068E-07,4.71144E-05
-0.008767876,-6.0627E-06,1.48033E-05,-7.72277E-06,2.1035E-06,8.08732E-08,4.62916E-05
-0.011459368,-5.82085E-06,1.43812E-05,-7.76871E-06,2.73525E-06,-5.04998E-07,4.53609E-05
-0.014308022,-5.57822E-06,1.39253E-05,-7.77992E-06,3.33089E-06,-1.04769E-06,4.43271E-05
-0.017303706,-5.33505E-06,1.34373E-05,-7.7577E-06,3.89117E-06,-1.54835E-06,4.31949E-05
-0.020436288,-5.09155E-06,1.29188E-05,-7.70335E-06,4.41684E-06,-2.00811E-06,4.19691E-05
-0.023695637,-4.84795E-06,1.23716E-05,-7.61818E-06,4.90864E-06,-2.42813E-06,4.06544E-05
-0.027071621,-4.60447E-06,1.17974E-05,-7.50349E-06,5.36733E-06,-2.80956E-06,3.92557E-05
-0.030554107,-4.36134E-06,1.11979E-05,-7.36058E-06,5.79366E-06,-3.15353E-06,3.77777E-05
-0.034132965,-4.11878E-06,1.05748E-05,-7.19076E-06,6.18836E-06,-3.46118E-06,3.62251E-05
-0.037798062,-3.87701E-06,9.92987E-06,-6.99533E-06,6.5522E-06,-3.73368E-06,3.46028E-05
-0.041539267,-3.63625E-06,9.26478E-06,-6.77559E-06,6.88592E-06,-3.97216E-06,3.29154E-05
-0.045346447,-3.39674E-06,8.58126E-06,-6.53285E-06,7.19027E-06,-4.17776E-06,3.11679E-05
-0.049209471,-3.15868E-06,7.88101E-06,-6.2684E-06,7.46601E-06,-4.35164E-06,2.93649E-05
-0.053118207,-2.92231E-06,7.16574E-06,-5.98357E-06,7.71388E-06,-4.49492E-06,2.75112E-05
-0.057062523,-2.68786E-06,6.43716E-06,-5.67964E-06,7.93463E-06,-4.60877E-06,2.56115E-05
-0.061032288,-2.45553E-06,5.69698E-06,-5.35793E-06,8.12903E-06,-4.69431E-06,2.36707E-05
-0.065017369,-2.22556E-06,4.94691E-06,-5.01974E-06,8.29781E-06,-4.75269E-06,2.16935E-05
-0.069007635,-1.99816E-06,4.18867E-06,-4.66637E-06,8.44173E-06,-4.78506E-06,1.96847E-05
-0.072992954,-1.77357E-06,3.42396E-06,-4.29913E-06,8.56154E-06,-4.79256E-06,1.7649E-05
-0.076963194,-1.55201E-06,2.6545E-06,-3.91931E-06,8.658E-06,-4.77634E-06,1.55913E-05
-0.080908224,-1.33369E-06,1.882E-06,-3.52824E-06,8.73183E-06,-4.73754E-06,1.35162E-05
-0.084817911,-1.11885E-06,1.10819E-06,-3.12719E-06,8.7838E-06,-4.67731E-06,1.14286E-05
-0.088682123,-9.07704E-07,3.34774E-07,-2.71748E-06,8.81464E-06,-4.59679E-06,9.33314E-06
-0.074506754,-2.68038E-06,4.20628E-06,-1.58316E-06,4.54207E-06,-3.33011E-06,8.66934E-06
-0.06116075,-4.34215E-06,7.83152E-06,-5.08002E-07,5.18214E-07,-2.13228E-06,8.00547E-06
-0.048626962,-5.89531E-06,1.12156E-05,5.09123E-07,-3.26195E-06,-1.00196E-06,7.34189E-06
-0.036888212,-7.34216E-06,1.43638E-05,1.46934E-06,-6.80345E-06,6.2209E-08,6.67894E-06
-0.025927334,-8.68497E-06,1.72811E-05,2.37378E-06,-1.01113E-05,1.06158E-06,6.017E-06
-0.015727155,-9.92605E-06,1.99727E-05,3.22357E-06,-1.31905E-05,1.9975E-06,5.3564E-06
-0.006270503,-1.10677E-05,2.24437E-05,4.01982E-06,-1.60462E-05,2.87133E-06,4.69751E-06
0.002459794,-1.21122E-05,2.46994E-05,4.76368E-06,-1.86833E-05,3.68441E-06,4.04068E-06
0.010480905,-1.30618E-05,2.67447E-05,5.45626E-06,-2.11069E-05,4.43809E-06,3.38627E-06
0.017810003,-1.39189E-05,2.8585E-05,6.0987E-06,-2.33219E-05,5.13373E-06,2.73463E-06
0.024464259,-1.46857E-05,3.02252E-05,6.69211E-06,-2.53335E-05,5.7727E-06,2.08612E-06
0.030460843,-1.53646E-05,3.16707E-05,7.23762E-06,-2.71466E-05,6.35635E-06,1.44108E-06
0.035816928,-1.59577E-05,3.29264E-05,7.73636E-06,-2.87663E-05,6.88602E-06,7.99879E-07
0.040549685,-1.64675E-05,3.39975E-05,8.18946E-06,-3.01976E-05,7.36307E-06,1.62866E-07
0.044676284,-1.68962E-05,3.48893E-05,8.59803E-06,-3.14454E-05,7.78886E-06,-4.69604E-07
0.048213897,-1.7246E-05,3.56067E-05,8.96321E-06,-3.2515E-05,8.16474E-06,-1.09717E-06
0.051179696,-1.75194E-05,3.61551E-05,9.28613E-06,-3.34112E-05,8.49207E-06,-1.71949E-06
0.053590851,-1.77186E-05,3.65394E-05,9.5679E-06,-3.41391E-05,8.77219E-06,-2.33621E-06
0.055464534,-1.78458E-05,3.67649E-05,9.80965E-06,-3.47037E-05,9.00646E-06,-2.94695E-06
0.056817916,-1.79034E-05,3.68367E-05,1.00125E-05,-3.51101E-05,9.19622E-06,-3.55138E-06
0.057668169,-1.78937E-05,3.67599E-05,1.01776E-05,-3.53632E-05,9.34283E-06,-4.14913E-06
0.058032463,-1.78189E-05,3.65398E-05,1.03061E-05,-3.54682E-05,9.44763E-06,-4.73986E-06
0.05792797,-1.76814E-05,3.61813E-05,1.03991E-05,-3.54299E-05,9.512E-06,-5.3232E-06
0.057371861,-1.74834E-05,3.56897E-05,1.04577E-05,-3.52536E-05,9.53726E-06,-5.8988E-06
0.056381307,-1.72272E-05,3.50701E-05,1.0483E-05,-3.49441E-05,9.5248E-06,-6.46631E-06
0.05497348,-1.69152E-05,3.43277E-05,1.04762E-05,-3.45065E-05,9.47594E-06,-7.02536E-06
0.053165551,-1.65496E-05,3.34676E-05,1.04384E-05,-3.39459E-05,9.39205E-06,-7.57562E-06
0.050974691,-1.61328E-05,3.24949E-05,1.03708E-05,-3.32672E-05,9.27449E-06,-8.11672E-06
0.048418072,-1.56669E-05,3.14148E-05,1.02743E-05,-3.24755E-05,9.1246E-06,-8.6483E-06
0.045512864,-1.51543E-05,3.02324E-05,1.01503E-05,-3.15758E-05,8.94374E-06,-9.17002E-06
0.042276239,-1.45974E-05,2.89528E-05,9.99975E-06,-3.05731E-05,8.73325E-06,-9.68151E-06
0.038725368,-1.39983E-05,2.75813E-05,9.82384E-06,-2.94725E-05,8.49449E-06,-1.01824E-05
0.034877423,-1.33594E-05,2.61229E-05,9.62368E-06,-2.8279E-05,8.22882E-06,-1.06724E-05
0.030749574,-1.2683E-05,2.45829E-05,9.40041E-06,-2.69976E-05,7.93758E-06,-1.11511E-05
0.026358993,-1.19714E-05,2.29662E-05,9.15515E-06,-2.56334E-05,7.62214E-06,-1.16181E-05
0.021722852,-1.12268E-05,2.12781E-05,8.88903E-06,-2.41913E-05,7.28383E-06,-1.20732E-05
0.016858321,-1.04516E-05,1.95238E-05,8.60316E-06,-2.26764E-05,6.92402E-06,-1.25159E-05
0.011782571,-9.64799E-06,1.77083E-05,8.29868E-06,-2.10937E-05,6.54405E-06,-1.29459E-05
0.006512775,-8.81835E-06,1.58368E-05,7.97672E-06,-1.94483E-05,6.1453E-06,-1.33628E-05
0.001066103,-7.96495E-06,1.39145E-05,7.6384E-06,-1.77452E-05,5.72909E-06,-1.37663E-05
-0.004540274,-7.09008E-06,1.19464E-05,7.28485E-06,-1.59893E-05,5.29679E-06,-1.41561E-05
-0.010289184,-6.19604E-06,9.93779E-06,6.91718E-06,-1.41858E-05,4.84976E-06,-1.45317E-05
-0.016163456,-5.2851E-06,7.89374E-06,6.53654E-06,-1.23396E-05,4.38934E-06,-1.48928E-05
-0.022145919,-4.35958E-06,5.81941E-06,6.14404E-06,-1.04558E-05,3.91689E-06,-1.52391E-05
-0.028219401,-3.42175E-06,3.71993E-06,5.74082E-06,-8.53941E-06,3.43376E-06,-1.55702E-05
-0.034366731,-2.47392E-06,1.60046E-06,5.32799E-06,-6.59543E-06,2.9413E-06,-1.58858E-05
-0.040570739,-1.51838E-06,-5.33867E-07,4.90669E-06,-4.62892E-06,2.44087E-06,-1.61854E-05
-0.046814252,-5.57418E-07,-2.67791E-06,4.47804E-06,-2.64488E-06,1.93381E-06,-1.64688E-05
-0.0530801,4.06669E-07,-4.82652E-06,4.04316E-06,-6.48344E-07,1.42149E-06,-1.67356E-05
-0.05935111,1.37159E-06,-6.97457E-06,3.6032E-06,1.35566E-06,9.05248E-07,-1.69854E-05
-0.050026182,5.12028E-06,-1.63809E-05,2.59954E-06,1.03611E-05,-1.12908E-06,-2.0421E-05
-0.041305125,8.65483E-06,-2.52423E-05,1.64632E-06,1.88499E-05,-3.04902E-06,-2.36345E-05
-0.033174876,1.19795E-05,-3.35696E-05,7.42582E-07,2.68323E-05,-4.85682E-06,-2.66303E-05
-0.025622341,1.50984E-05,-4.13736E-05,-1.12607E-07,3.43186E-05,-6.55473E-06,-2.94132E-05
-0.018634435,1.80159E-05,-4.86652E-05,-9.20196E-07,4.1319E-05,-8.14502E-06,-3.19876E-05
-0.012198074,2.07361E-05,-5.54551E-05,-1.68113E-06,4.78437E-05,-9.62992E-06,-3.43582E-05
-0.006300169,2.32633E-05,-6.17542E-05,-2.39636E-06,5.3903E-05,-1.10117E-05,-3.65294E-05
-0.000927633,2.56018E-05,-6.75733E-05,-3.06683E-06,5.95071E-05,-1.22925E-05,-3.85059E-05
0.003932621,2.77557E-05,-7.29232E-05,-3.69347E-06,6.46662E-05,-1.34748E-05,-4.02922E-05
0.008293678,2.97292E-05,-7.78148E-05,-4.27724E-06,6.93906E-05,-1.45606E-05,-4.1893E-05
0.012168625,3.15267E-05,-8.22588E-05,-4.81909E-06,7.36906E-05,-1.55523E-05,-4.33127E-05
0.015570549,3.31524E-05,-8.62661E-05,-5.31995E-06,7.75763E-05,-1.64522E-05,-4.4556E-05
0.018512537,3.46104E-05,-8.98475E-05,-5.78079E-06,8.10579E-05,-1.72623E-05,-4.56275E-05
0.021007676,3.59049E-05,-9.30139E-05,-6.20253E-06,8.41458E-05,-1.79851E-05,-4.65316E-05
0.023069051,3.70404E-05,-9.5776E-05,-6.58614E-06,8.68502E-05,-1.86227E-05,-4.7273E-05
0.02470975,3.80208E-05,-9.81447E-05,-6.93255E-06,8.91813E-05,-1.91774E-05,-4.78562E-05
0.025942859,3.88506E-05,-0.000100131,-7.24271E-06,9.11493E-05,-1.96515E-05,-4.82858E-05
0.026781465,3.95338E-05,-0.000101745,-7.51756E-06,9.27645E-05,-2.00471E-05,-4.85664E-05
0.027238655,4.00748E-05,-0.000102998,-7.75806E-06,9.40372E-05,-2.03666E-05,-4.87026E-05
0.027327515,4.04778E-05,-0.000103902,-7.96515E-06,9.49775E-05,-2.06122E-05,-4.86989E-05
0.027061131,4.0747E-05,-0.000104465,-8.13976E-06,9.55956E-05,-2.07861E-05,-4.85599E-05
0.026452591,4.08866E-05,-0.000104701,-8.28285E-06,9.59019E-05,-2.08907E-05,-4.82901E-05
0.025514981,4.09008E-05,-0.000104618,-8.39536E-06,9.59066E-05,-2.0928E-05,-4.78942E-05
0.024261388,4.0794E-05,-0.000104229,-8.47824E-06,9.56199E-05,-2.09005E-05,-4.73767E-05
0.022704898,4.05702E-05,-0.000103544,-8.53243E-06,9.5052E-05,-2.08103E-05,-4.67421E-05
0.020858597,4.02338E-05,-0.000102574,-8.55887E-06,9.42132E-05,-2.06598E-05,-4.59951E-05
0.018735574,3.97889E-05,-0.000101329,-8.55852E-06,9.31137E-05,-2.0451E-05,-4.51403E-05
0.016348914,3.92399E-05,-9.98204E-05,-8.53232E-06,9.17637E-05,-2.01864E-05,-4.41821E-05
0.013711703,3.85909E-05,-9.80592E-05,-8.48121E-06,9.01736E-05,-1.9868E-05,-4.31252E-05
0.010837029,3.78461E-05,-9.60561E-05,-8.40614E-06,8.83534E-05,-1.94983E-05,-4.19741E-05
0.007737979,3.70099E-05,-9.38219E-05,-8.30806E-06,8.63136E-05,-1.90794E-05,-4.07334E-05
0.004427638,3.60863E-05,-9.13674E-05,-8.18791E-06,8.40642E-05,-1.86136E-05,-3.94077E-05
0.000919093,3.50797E-05,-8.87034E-05,-8.04663E-06,8.16155E-05,-1.81032E-05,-3.80015E-05
-0.002774568,3.39943E-05,-8.58408E-05,-7.88518E-06,7.89779E-05,-1.75503E-05,-3.65194E-05
-0.00664026,3.28342E-05,-8.27903E-05,-7.7045E-06,7.61614E-05,-1.69572E-05,-3.49661E-05
-0.010664896,3.16038E-05,-7.95628E-05,-7.50552E-06,7.31764E-05,-1.63263E-05,-3.3346E-05
-0.014835388,3.03073E-05,-7.61692E-05,-7.2892E-06,7.00331E-05,-1.56597E-05,-3.16637E-05
-0.019138651,2.89488E-05,-7.26202E-05,-7.05649E-06,6.67417E-05,-1.49596E-05,-2.99238E-05
-0.023561598,2.75327E-05,-6.89266E-05,-6.80833E-06,6.33124E-05,-1.42284E-05,-2.81309E-05
-0.028091142,2.60631E-05,-6.50993E-05,-6.54566E-06,5.97556E-05,-1.34683E-05,-2.62895E-05
-0.032714196,2.45442E-05,-6.11491E-05,-6.26943E-06,5.60814E-05,-1.26815E-05,-2.44042E-05
-0.037417674,2.29804E-05,-5.70869E-05,-5.98058E-06,5.23E-05,-1.18703E-05,-2.24796E-05
-0.04218849,2.13758E-05,-5.29233E-05,-5.68007E-06,4.84218E-05,-1.10369E-05,-2.05203E-05
-0.047013556,1.97347E-05,-4.86694E-05,-5.36884E-06,4.44569E-05,-1.01836E-05,-1.85308E-05
-0.051879786,1.80612E-05,-4.43358E-05,-5.04782E-06,4.04156E-05,-9.31257E-06,-1.65157E-05
-0.056774093,1.63597E-05,-3.99334E-05,-4.71798E-06,3.63081E-05,-8.42615E-06,-1.44796E-05
-0.061683391,1.46343E-05,-3.5473E-05,-4.38025E-06,3.21447E-05,-7.52656E-06,-1.2427E-05
-0.066594594,1.28894E-05,-3.09655E-05,-4.03558E-06,2.79356E-05,-6.61604E-06,-1.03625E-05
-0.071494613,1.1129E-05,-2.64217E-05,-3.68491E-06,2.3691E-05,-5.69685E-06,-8.29065E-06
-0.076370364,9.3574E-06,-2.18523E-05,-3.32919E-06,1.94211E-05,-4.77122E-06,-6.21609E-06
-0.064232808,6.96159E-06,-1.52239E-05,-2.83398E-06,1.39947E-05,-3.52042E-06,-3.20348E-06
-0.052829869,4.675E-06,-8.90693E-06,-2.35989E-06,8.81342E-06,-2.32665E-06,-3.36925E-07
-0.042146112,2.49571E-06,-2.89577E-06,-1.90654E-06,3.87312E-06,-1.18892E-06,2.38621E-06
-0.032166076,4.21795E-07,2.81512E-06,-1.47359E-06,-8.30513E-07,-1.06227E-07,4.96858E-06
-0.02287431,-1.54866E-06,8.23131E-06,-1.06067E-06,-5.30174E-06,9.22423E-07,7.41283E-06
-0.014255359,-3.41757E-06,1.33584E-05,-6.67419E-07,-9.54483E-06,1.89804E-06,9.7216E-06
-0.006293768,-5.18686E-06,1.82019E-05,-2.93479E-07,-1.3564E-05,2.82163E-06,1.18975E-05
0.00102592,-6.85845E-06,2.27674E-05,6.15121E-08,-1.73637E-05,3.69419E-06,1.39433E-05
0.007719158,-8.43426E-06,2.70604E-05,3.9792E-07,-2.0948E-05,4.51671E-06,1.58615E-05
0.013801402,-9.91621E-06,3.10867E-05,7.16106E-07,-2.43213E-05,5.29019E-06,1.76549E-05
0.019288105,-1.13062E-05,3.48516E-05,1.01642E-06,-2.74877E-05,6.01565E-06,1.9326E-05
0.024194724,-1.26062E-05,3.83608E-05,1.29922E-06,-3.04517E-05,6.69411E-06,2.08775E-05
0.028536713,-1.38181E-05,4.16199E-05,1.56488E-06,-3.32174E-05,7.32655E-06,2.23121E-05
0.032329526,-1.49438E-05,4.46344E-05,1.81375E-06,-3.57892E-05,7.91398E-06,2.36323E-05
0.035588619,-1.59852E-05,4.74098E-05,2.04619E-06,-3.81712E-05,8.4574E-06,2.48409E-05
0.038329446,-1.69443E-05,4.99518E-05,2.26257E-06,-4.03679E-05,8.95781E-06,2.59405E-05
0.040567463,-1.7823E-05,5.2266E-05,2.46323E-06,-4.23833E-05,9.41622E-06,2.69337E-05
0.042318123,-1.86231E-05,5.43578E-05,2.64855E-06,-4.42219E-05,9.83364E-06,2.78232E-05
0.043596883,-1.93467E-05,5.62329E-05,2.81889E-06,-4.58879E-05,1.02111E-05,2.86116E-05
0.044419197,-1.99956E-05,5.78969E-05,2.97461E-06,-4.73855E-05,1.05495E-05,2.93017E-05
0.044800519,-2.05718E-05,5.93552E-05,3.11606E-06,-4.8719E-05,1.08499E-05,2.98959E-05
0.044756305,-2.10771E-05,6.06135E-05,3.24361E-06,-4.98928E-05,1.11133E-05,3.0397E-05
0.044302009,-2.15136E-05,6.16773E-05,3.35763E-06,-5.0911E-05,1.13407E-05,3.08076E-05
0.043453086,-2.1883E-05,6.25523E-05,3.45847E-06,-5.1778E-05,1.15331E-05,3.11304E-05
0.042224992,-2.21874E-05,6.32439E-05,3.54648E-06,-5.24979E-05,1.16916E-05,3.1368E-05
0.04063318,-2.24286E-05,6.37577E-05,3.62204E-06,-5.30752E-05,1.1817E-05,3.15231E-05
0.038693107,-2.26086E-05,6.40994E-05,3.68551E-06,-5.3514E-05,1.19105E-05,3.15982E-05
0.036420226,-2.27293E-05,6.42745E-05,3.73723E-06,-5.38186E-05,1.19729E-05,3.15961E-05
0.033829992,-2.27926E-05,6.42885E-05,3.77758E-06,-5.39933E-05,1.20054E-05,3.15194E-05
0.03093786,-2.28005E-05,6.4147E-05,3.80691E-06,-5.40424E-05,1.20089E-05,3.13708E-05
0.027759286,-2.27548E-05,6.38556E-05,3.82559E-06,-5.39701E-05,1.19845E-05,3.11528E-05
0.024309724,-2.26574E-05,6.34199E-05,3.83397E-06,-5.37808E-05,1.1933E-05,3.08682E-05
0.020604629,-2.25104E-05,6.28454E-05,3.83242E-06,-5.34786E-05,1.18556E-05,3.05196E-05
0.016659455,-2.23156E-05,6.21377E-05,3.82131E-06,-5.30679E-05,1.17532E-05,3.01096E-05
0.012489658,-2.20749E-05,6.13023E-05,3.80097E-06,-5.25528E-05,1.16268E-05,2.96408E-05
0.008110692,-2.17902E-05,6.03449E-05,3.77179E-06,-5.19378E-05,1.14775E-05,2.9116E-05
0.003538013,-2.14635E-05,5.9271E-05,3.73412E-06,-5.12271E-05,1.13062E-05,2.85378E-05
-0.001212925,-2.10967E-05,5.80861E-05,3.68832E-06,-5.04248E-05,1.11139E-05,2.79088E-05
-0.006126668,-2.06917E-05,5.67959E-05,3.63475E-06,-4.95354E-05,1.09017E-05,2.72316E-05
-0.011187759,-2.02505E-05,5.54059E-05,3.57378E-06,-4.85631E-05,1.06705E-05,2.6509E-05
-0.016380745,-1.97749E-05,5.39217E-05,3.50575E-06,-4.75121E-05,1.04213E-05,2.57435E-05
-0.021690171,-1.92668E-05,5.23488E-05,3.43104E-06,-4.63867E-05,1.01552E-05,2.49378E-05
-0.027100581,-1.87283E-05,5.06929E-05,3.35E-06,-4.51912E-05,9.87318E-06,2.40946E-05
-0.032596521,-1.81611E-05,4.89594E-05,3.26299E-06,-4.39298E-05,9.57617E-06,2.32164E-05
-0.038162536,-1.75673E-05,4.7154E-05,3.17038E-06,-4.26069E-05,9.26521E-06,2.2306E-05
-0.043783171,-1.69487E-05,4.52822E-05,3.07253E-06,-4.12267E-05,8.94131E-06,2.1366E-05
-0.049442971,-1.63073E-05,4.33496E-05,2.96979E-06,-3.97935E-05,8.60546E-06,2.03991E-05
-0.055126482,-1.5645E-05,4.13617E-05,2.86253E-06,-3.83115E-05,8.25867E-06,1.94078E-05
-0.060818248,-1.49637E-05,3.93242E-05,2.75111E-06,-3.67851E-05,7.90193E-06,1.83948E-05
-0.066502815,-1.42653E-05,3.72425E-05,2.63589E-06,-3.52184E-05,7.53626E-06,1.73629E-05
-0.055995788,-1.42889E-05,3.68603E-05,2.55006E-06,-3.68691E-05,7.65113E-06,1.72822E-05
-0.046147584,-1.42858E-05,3.64312E-05,2.46485E-06,-3.83596E-05,7.74567E-06,1.71731E-05
-0.036944142,-1.42565E-05,3.59565E-05,2.38029E-06,-3.96935E-05,7.82039E-06,1.70363E-05
-0.028371375,-1.42017E-05,3.54378E-05,2.29639E-06,-4.08746E-05,7.87579E-06,1.68726E-05
-0.020415202,-1.41223E-05,3.48766E-05,2.21318E-06,-4.19064E-05,7.91236E-06,1.66829E-05
-0.013061543,-1.40189E-05,3.42742E-05,2.13067E-06,-4.27926E-05,7.93062E-06,1.64679E-05
-0.006296314,-1.38923E-05,3.3632E-05,2.04888E-06,-4.3537E-05,7.93107E-06,1.62285E-05
-0.000105433,-1.37431E-05,3.29517E-05,1.96782E-06,-4.41431E-05,7.91422E-06,1.59655E-05
0.005525182,-1.35722E-05,3.22344E-05,1.88752E-06,-4.46147E-05,7.88056E-06,1.56797E-05
0.010609612,-1.33801E-05,3.14819E-05,1.80799E-06,-4.49554E-05,7.83059E-06,1.53719E-05
0.01516194,-1.31676E-05,3.06953E-05,1.72925E-06,-4.51688E-05,7.76484E-06,1.5043E-05
0.019196247,-1.29355E-05,2.98763E-05,1.6513E-06,-4.52587E-05,7.68382E-06,1.46937E-05
0.022726617,-1.26844E-05,2.90262E-05,1.57418E-06,-4.52287E-05,7.58802E-06,1.43248E-05
0.02576713,-1.24152E-05,2.81465E-05,1.4979E-06,-4.50824E-05,7.47794E-06,1.39373E-05
0.028331868,-1.21284E-05,2.72386E-05,1.42248E-06,-4.48236E-05,7.35409E-06,1.35318E-05
0.030434914,-1.18248E-05,2.6304E-05,1.34792E-06,-4.44559E-05,7.217E-06,1.31092E-05
0.03209035,-1.15052E-05,2.53441E-05,1.27426E-06,-4.3983E-05,7.06715E-06,1.26704E-05
0.033312258,-1.11702E-05,2.43604E-05,1.20149E-06,-4.34084E-05,6.90505E-06,1.22161E-05
0.034114719,-1.08206E-05,2.33542E-05,1.12966E-06,-4.2736E-05,6.73121E-06,1.17471E-05
0.034511815,-1.04572E-05,2.23271E-05,1.05876E-06,-4.19693E-05,6.54613E-06,1.12643E-05
0.03451763,-1.00805E-05,2.12805E-05,9.88832E-07,-4.11121E-05,6.35031E-06,1.07685E-05
0.034146244,-9.69132E-06,2.02158E-05,9.1988E-07,-4.0168E-05,6.14425E-06,1.02605E-05
0.033411739,-9.29042E-06,1.91345E-05,8.51928E-07,-3.91406E-05,5.92846E-06,9.74107E-06
0.032328198,-8.87849E-06,1.8038E-05,7.84991E-07,-3.80337E-05,5.70343E-06,9.2111E-06
0.030909703,-8.45625E-06,1.69277E-05,7.19087E-07,-3.68508E-05,5.46969E-06,8.67137E-06
0.029170335,-8.02442E-06,1.58052E-05,6.5423E-07,-3.55957E-05,5.22773E-06,8.1227E-06
0.027124177,-7.58371E-06,1.46718E-05,5.9044E-07,-3.42721E-05,4.97806E-06,7.56589E-06
0.02478531,-7.13485E-06,1.35289E-05,5.27733E-07,-3.28835E-05,4.72118E-06,7.00178E-06
0.022167817,-6.67856E-06,1.23781E-05,4.66125E-07,-3.14337E-05,4.45761E-06,6.43117E-06
0.019285779,-6.21555E-06,1.12208E-05,4.05635E-07,-2.99264E-05,4.18784E-06,5.85488E-06
0.016153279,-5.74654E-06,1.00583E-05,3.46286E-07,-2.83651E-05,3.91238E-06,5.27371E-06
0.012784398,-5.27226E-06,8.89223E-06,2.8809E-07,-2.67536E-05,3.63172E-06,4.6885E-06
0.009193219,-4.79342E-06,7.72394E-06,2.31069E-07,-2.50955E-05,3.34638E-06,4.10005E-06
0.005393823,-4.31074E-06,6.55488E-06,1.75243E-07,-2.33945E-05,3.05685E-06,3.50917E-06
0.001400293,-3.82494E-06,5.38651E-06,1.20627E-07,-2.16543E-05,2.76365E-06,2.91669E-06
-0.00277329,-3.33674E-06,4.22027E-06,6.72367E-08,-1.98785E-05,2.46727E-06,2.32342E-06
-0.007112843,-2.84686E-06,3.05758E-06,1.50888E-08,-1.80708E-05,2.16822E-06,1.73016E-06
-0.011604285,-2.35601E-06,1.8999E-06,-3.57996E-08,-1.62348E-05,1.86702E-06,1.13775E-06
-0.016233534,-1.86492E-06,7.48671E-07,-8.54122E-08,-1.43743E-05,1.56416E-06,5.4699E-07
-0.020986507,-1.37431E-06,-3.94678E-07,-1.33735E-07,-1.24929E-05,1.26015E-06,-4.13029E-08
-0.025849123,-8.84883E-07,-1.5287E-06,-1.80752E-07,-1.05942E-05,9.55515E-07,-6.26313E-07
-0.030807299,-3.97372E-07,-2.65195E-06,-2.26441E-07,-8.68188E-06,6.50737E-07,-1.20723E-06
-0.035846954,8.75079E-08,-3.76299E-06,-2.70788E-07,-6.75969E-06,3.46329E-07,-1.78323E-06
-0.040954005,5.69037E-07,-4.86037E-06,-3.13772E-07,-4.83125E-06,4.27931E-08,-2.3535E-06
-0.046114371,1.0465E-06,-5.94264E-06,-3.55373E-07,-2.90024E-06,-2.5937E-07,-2.91723E-06
-0.05131397,1.51917E-06,-7.00837E-06,-3.9557E-07,-9.70313E-07,-5.59662E-07,-3.4736E-06
-0.056538719,1.98633E-06,-8.05609E-06,-4.34342E-07,9.54848E-07,-8.57583E-07,-4.02181E-06
-0.061774537,2.44726E-06,-9.08439E-06,-4.71679E-07,2.87159E-06,-1.15262E-06,-4.56102E-06
-0.067007342,2.90125E-06,-1.00918E-05,-5.07559E-07,4.77624E-06,-1.44427E-06,-5.09043E-06
-0.072223051,3.34757E-06,-1.10769E-05,-5.41967E-07,6.66513E-06,-1.73202E-06,-5.60923E-06
-0.060770826,4.52691E-06,-1.4635E-05,-6.82359E-07,1.16115E-05,-2.53246E-06,-7.44493E-06
-0.050021358,5.63733E-06,-1.79791E-05,-8.14072E-07,1.62779E-05,-3.28655E-06,-9.17057E-06
-0.039959794,6.68019E-06,-2.11134E-05,-9.3728E-07,2.06696E-05,-3.9952E-06,-1.07883E-05
-0.030571249,7.65685E-06,-2.40422E-05,-1.05215E-06,2.47923E-05,-4.65934E-06,-1.23004E-05
-0.021840847,8.56866E-06,-2.67699E-05,-1.15887E-06,2.86513E-05,-5.27989E-06,-1.37091E-05
-0.013753711,9.41699E-06,-2.93006E-05,-1.25761E-06,3.22521E-05,-5.85774E-06,-1.50164E-05
-0.006294963,1.02032E-05,-3.16386E-05,-1.34855E-06,3.56003E-05,-6.39381E-06,-1.62247E-05
0.000550275,1.09286E-05,-3.37884E-05,-1.43186E-06,3.87013E-05,-6.88901E-06,-1.73361E-05
0.006796882,1.15947E-05,-3.5754E-05,-1.50771E-06,4.15605E-05,-7.34428E-06,-1.83529E-05
0.012459735,1.22027E-05,-3.75399E-05,-1.57628E-06,4.41834E-05,-7.76051E-06,-1.92771E-05
0.017553711,1.2754E-05,-3.91503E-05,-1.63774E-06,4.65755E-05,-8.13862E-06,-2.01111E-05
0.022093689,1.325E-05,-4.05895E-05,-1.69229E-06,4.87424E-05,-8.4795E-06,-2.0857E-05
0.026094547,1.3692E-05,-4.18617E-05,-1.74009E-06,5.06893E-05,-8.78407E-06,-2.15171E-05
0.029571162,1.40814E-05,-4.29713E-05,-1.78132E-06,5.24219E-05,-9.05325E-06,-2.20935E-05
0.032538412,1.44196E-05,-4.39226E-05,-1.81614E-06,5.39456E-05,-9.28796E-06,-2.25883E-05
0.035011174,1.47078E-05,-4.47197E-05,-1.84475E-06,5.52659E-05,-9.48909E-06,-2.3004E-05
0.037004328,1.49476E-05,-4.53671E-05,-1.86732E-06,5.63882E-05,-9.65757E-06,-2.33425E-05
0.03853275,1.51402E-05,-4.5869E-05,-1.88401E-06,5.7318E-05,-9.7943E-06,-2.36062E-05
0.039611318,1.5287E-05,-4.62296E-05,-1.89502E-06,5.80608E-05,-9.90019E-06,-2.37972E-05
0.04025491,1.53893E-05,-4.64533E-05,-1.9005E-06,5.86221E-05,-9.97618E-06,-2.39177E-05
0.040478405,1.54486E-05,-4.65444E-05,-1.90064E-06,5.90073E-05,-1.00232E-05,-2.397E-05
0.040296679,1.54661E-05,-4.6507E-05,-1.89561E-06,5.92219E-05,-1.00421E-05,-2.39561E-05
0.039724611,1.54433E-05,-4.63456E-05,-1.88558E-06,5.92713E-05,-1.00338E-05,-2.38784E-05
0.038777078,1.53814E-05,-4.60643E-05,-1.87073E-06,5.91612E-05,-9.99928E-06,-2.3739E-05
0.037468959,1.5282E-05,-4.56676E-05,-1.85124E-06,5.88968E-05,-9.93941E-06,-2.35402E-05
0.03581513,1.51462E-05,-4.51595E-05,-1.82729E-06,5.84838E-05,-9.8551E-06,-2.3284E-05
0.033830471,1.49755E-05,-4.45446E-05,-1.79904E-06,5.79275E-05,-9.74727E-06,-2.29728E-05
0.031529858,1.47712E-05,-4.38269E-05,-1.76668E-06,5.72335E-05,-9.61683E-06,-2.26087E-05
0.028928169,1.45347E-05,-4.30109E-05,-1.73038E-06,5.64072E-05,-9.4647E-06,-2.21939E-05
0.026040283,1.42674E-05,-4.21007E-05,-1.69032E-06,5.5454E-05,-9.29178E-06,-2.17306E-05
0.022881078,1.39706E-05,-4.11007E-05,-1.64666E-06,5.43796E-05,-9.09899E-06,-2.12211E-05
0.01946543,1.36457E-05,-4.00152E-05,-1.5996E-06,5.31892E-05,-8.88725E-06,-2.06674E-05
0.015808217,1.3294E-05,-3.88485E-05,-1.54929E-06,5.18885E-05,-8.65746E-06,-2.00719E-05
0.011924319,1.29169E-05,-3.76047E-05,-1.49592E-06,5.04828E-05,-8.41055E-06,-1.94367E-05
0.007828612,1.25157E-05,-3.62883E-05,-1.43966E-06,4.89777E-05,-8.14742E-06,-1.8764E-05
0.003535974,1.20918E-05,-3.49034E-05,-1.38069E-06,4.73786E-05,-7.86899E-06,-1.8056E-05
-0.000938717,1.16467E-05,-3.34545E-05,-1.31919E-06,4.56911E-05,-7.57617E-06,-1.7315E-05
-0.005580583,1.11815E-05,-3.19456E-05,-1.25532E-06,4.39204E-05,-7.26988E-06,-1.6543E-05
-0.010374746,1.06978E-05,-3.03813E-05,-1.18927E-06,4.20723E-05,-6.95102E-06,-1.57424E-05
-0.015306329,1.01968E-05,-2.87656E-05,-1.12122E-06,4.0152E-05,-6.62051E-06,-1.49152E-05
-0.020360454,9.67987E-06,-2.7103E-05,-1.05132E-06,3.81651E-05,-6.27925E-06,-1.40638E-05
-0.025522242,9.14845E-06,-2.53977E-05,-9.79772E-07,3.61171E-05,-5.92818E-06,-1.31903E-05
-0.030776816,8.60385E-06,-2.36539E-05,-9.0674E-07,3.40135E-05,-5.56819E-06,-1.22969E-05
-0.036109299,8.04745E-06,-2.1876E-05,-8.32401E-07,3.18596E-05,-5.2002E-06,-1.13859E-05
-0.041504812,7.4806E-06,-2.00683E-05,-7.56931E-07,2.9661E-05,-4.82512E-06,-1.04593E-05
-0.046948478,6.90466E-06,-1.82349E-05,-6.80505E-07,2.74232E-05,-4.44387E-06,-9.51943E-06
-0.052425419,6.32099E-06,-1.63803E-05,-6.03299E-07,2.51515E-05,-4.05736E-06,-8.56848E-06
-0.057920756,5.73095E-06,-1.45087E-05,-5.25489E-07,2.28516E-05,-3.6665E-06,-7.60864E-06
-0.063419613,5.13589E-06,-1.26244E-05,-4.47249E-07,2.05289E-05,-3.2722E-06,-6.64211E-06
-0.068907111,4.53719E-06,-1.07316E-05,-3.68755E-07,1.81888E-05,-2.87539E-06,-5.67108E-06
-0.058002801,3.88367E-06,-9.45659E-06,-2.51902E-07,1.60567E-05,-2.11764E-06,-4.61478E-06
-0.047775781,3.25635E-06,-8.2202E-06,-1.40609E-07,1.40006E-05,-1.39704E-06,-3.60247E-06
-0.038211657,2.65481E-06,-7.02194E-06,-3.4776E-08,1.20195E-05,-7.12899E-07,-2.63345E-06
-0.029296004,2.07863E-06,-5.86136E-06,6.57015E-08,1.01122E-05,-6.45481E-08,-1.70697E-06
-0.021014411,1.52739E-06,-4.73799E-06,1.60922E-07,8.27754E-06,5.48704E-07,-8.22307E-07
-0.013352459,1.00064E-06,-3.65138E-06,2.50985E-07,6.51445E-06,1.12755E-06,2.12657E-08
-0.006295733,4.97979E-07,-2.60107E-06,3.3599E-07,4.8218E-06,1.67267E-06,8.24478E-07
0.000170185,1.89657E-08,-1.58659E-06,4.16036E-07,3.19846E-06,2.18476E-06,1.58806E-06
0.006059711,-4.36822E-07,-6.07493E-07,4.91233E-07,1.64332E-06,2.66449E-06,2.31274E-06
0.011387262,-8.69811E-07,3.36688E-07,5.61676E-07,1.55234E-07,3.11254E-06,2.99925E-06
0.016167254,-1.28043E-06,1.24641E-06,6.27459E-07,-1.26689E-06,3.52963E-06,3.64832E-06
0.020414103,-1.66909E-06,2.12212E-06,6.88682E-07,-2.62419E-06,3.91643E-06,4.26066E-06
0.024142226,-2.03624E-06,2.96429E-06,7.45445E-07,-3.91778E-06,4.27364E-06,4.83702E-06
0.027366039,-2.38229E-06,3.77338E-06,7.97853E-07,-5.14879E-06,4.60193E-06,5.37812E-06
0.03009996,-2.70768E-06,4.54985E-06,8.46004E-07,-6.31833E-06,4.90199E-06,5.88469E-06
0.032358404,-3.01282E-06,5.29414E-06,8.89992E-07,-7.42752E-06,5.17453E-06,6.35746E-06
0.034155788,-3.29815E-06,6.00674E-06,9.29922E-07,-8.4775E-06,5.42022E-06,6.79715E-06
0.035506528,-3.56408E-06,6.68808E-06,9.65891E-07,-9.46937E-06,5.63974E-06,7.2045E-06
0.036425041,-3.81105E-06,7.33863E-06,9.98002E-07,-1.04043E-05,5.8338E-06,7.58024E-06
0.036925744,-4.03949E-06,7.95886E-06,1.02636E-06,-1.12833E-05,6.00306E-06,7.92509E-06
0.037023052,-4.24981E-06,8.54922E-06,1.05105E-06,-1.21076E-05,6.14821E-06,8.23978E-06
0.036731383,-4.44245E-06,9.11017E-06,1.0722E-06,-1.28783E-05,6.26993E-06,8.52504E-06
0.036065153,-4.61783E-06,9.64217E-06,1.08989E-06,-1.35965E-05,6.36892E-06,8.78161E-06
0.035038778,-4.77638E-06,1.01457E-05,1.10422E-06,-1.42634E-05,6.44586E-06,9.01021E-06
0.033666676,-4.91852E-06,1.06212E-05,1.1153E-06,-1.488E-05,6.50143E-06,9.21157E-06
0.031963261,-5.04469E-06,1.10691E-05,1.12322E-06,-1.54475E-05,6.53633E-06,9.38642E-06
0.029942951,-5.1553E-06,1.14899E-05,1.12809E-06,-1.59669E-05,6.55124E-06,9.53548E-06
0.027620163,-5.25078E-06,1.1884E-05,1.13001E-06,-1.64395E-05,6.54685E-06,9.65949E-06
0.025009313,-5.33156E-06,1.2252E-05,1.12906E-06,-1.68664E-05,6.52385E-06,9.75918E-06
0.022124816,-5.39806E-06,1.25942E-05,1.12537E-06,-1.72486E-05,6.48292E-06,9.83527E-06
0.018981091,-5.45072E-06,1.29111E-05,1.11902E-06,-1.75873E-05,6.42474E-06,9.88849E-06
0.015592553,-5.48995E-06,1.32033E-05,1.11011E-06,-1.78836E-05,6.35001E-06,9.91958E-06
0.011973619,-5.51619E-06,1.3471E-05,1.09875E-06,-1.81386E-05,6.2594E-06,9.92925E-06
0.008138705,-5.52985E-06,1.37149E-05,1.08504E-06,-1.83535E-05,6.15361E-06,9.91825E-06
0.004102227,-5.53138E-06,1.39354E-05,1.06908E-06,-1.85294E-05,6.03332E-06,9.88729E-06
-0.000121396,-5.52118E-06,1.41328E-05,1.05097E-06,-1.86674E-05,5.89922E-06,9.83712E-06
-0.004517751,-5.4997E-06,1.43078E-05,1.0308E-06,-1.87685E-05,5.752E-06,9.76845E-06
-0.009072419,-5.46735E-06,1.44607E-05,1.00868E-06,-1.88341E-05,5.59233E-06,9.68201E-06
-0.013770984,-5.42456E-06,1.45919E-05,9.84708E-07,-1.88651E-05,5.42091E-06,9.57855E-06
-0.01859903,-5.37175E-06,1.47021E-05,9.58985E-07,-1.88626E-05,5.23843E-06,9.45877E-06
-0.02354214,-5.30936E-06,1.47916E-05,9.31609E-07,-1.88279E-05,5.04556E-06,9.32342E-06
-0.028585898,-5.23781E-06,1.48608E-05,9.02682E-07,-1.8762E-05,4.84301E-06,9.17321E-06
-0.033715888,-5.15753E-06,1.49103E-05,8.72303E-07,-1.86661E-05,4.63145E-06,9.00889E-06
-0.038917692,-5.06894E-06,1.49405E-05,8.40572E-07,-1.85412E-05,4.41157E-06,8.83118E-06
-0.044176895,-4.97247E-06,1.49518E-05,8.0759E-07,-1.83885E-05,4.18406E-06,8.64081E-06
-0.049479079,-4.86854E-06,1.49448E-05,7.73457E-07,-1.82092E-05,3.9496E-06,8.4385E-06
-0.054809829,-4.75758E-06,1.49198E-05,7.38274E-07,-1.80042E-05,3.70889E-06,8.22499E-06
-0.060154727,-4.64002E-06,1.48774E-05,7.0214E-07,-1.77749E-05,3.4626E-06,8.001E-06
-0.065499358,-4.51628E-06,1.48179E-05,6.65156E-07,-1.75222E-05,3.21142E-06,7.76727E-06
-0.070829305,-4.38679E-06,1.4742E-05,6.27423E-07,-1.72473E-05,2.95604E-06,7.52452E-06
