0,-1.570796327,0,0,0,0,0
4.29748E-07,-1.570796327,6.4983E-12,4.40169E-11,-9.24652E-11,1.23133E-10,2.80013E-11
3.3862E-06,-1.570796327,5.12222E-11,3.46838E-10,-7.28595E-10,9.70216E-10,2.20203E-10
1.12565E-05,-1.570796328,1.70294E-10,1.15298E-09,-2.42203E-09,3.2252E-09,7.31555E-10
2.62757E-05,-1.570796329,3.97475E-10,2.69135E-09,-5.65366E-09,7.52855E-09,1.70852E-09
5.05317E-05,-1.570796331,7.64316E-10,5.17578E-09,-1.08727E-08,1.44784E-08,3.28754E-09
8.59677E-05,-1.570796335,1.30022E-09,8.80533E-09,-1.84972E-08,2.46316E-08,5.59495E-09
0.000134386,-1.570796339,2.03243E-09,1.37646E-08,-2.8915E-08,3.85045E-08,8.74802E-09
0.00019745,-1.570796345,2.98612E-09,2.02239E-08,-4.2484E-08,5.65738E-08,1.28551E-08
0.000276688,-1.570796352,4.1844E-09,2.83399E-08,-5.95331E-08,7.92774E-08,1.80159E-08
0.000373497,-1.570796361,5.64838E-09,3.82556E-08,-8.03628E-08,1.07015E-07,2.43213E-08
0.000489145,-1.570796372,7.39723E-09,5.01009E-08,-1.05246E-07,1.40151E-07,3.1854E-08
0.000624774,-1.570796385,9.44824E-09,6.39926E-08,-1.34428E-07,1.79012E-07,4.06884E-08
0.000781404,-1.570796399,1.18168E-08,8.00354E-08,-1.68129E-07,2.2389E-07,5.08908E-08
0.000959935,-1.570796416,1.45166E-08,9.83214E-08,-2.06542E-07,2.75043E-07,6.25199E-08
0.00116115,-1.570796434,1.75594E-08,1.18931E-07,-2.49836E-07,3.32696E-07,7.56267E-08
0.001385722,-1.570796455,2.09554E-08,1.41933E-07,-2.98155E-07,3.97041E-07,9.02549E-08
0.001634211,-1.570796478,2.4713E-08,1.67384E-07,-3.51621E-07,4.68239E-07,1.06441E-07
0.001907071,-1.570796503,2.88392E-08,1.95332E-07,-4.1033E-07,5.4642E-07,1.24215E-07
0.002204653,-1.570796531,3.33393E-08,2.25812E-07,-4.74358E-07,6.31684E-07,1.436E-07
0.002527207,-1.57079656,3.82169E-08,2.58849E-07,-5.4376E-07,7.24103E-07,1.64611E-07
0.002874886,-1.570796593,4.34745E-08,2.9446E-07,-6.18567E-07,8.23721E-07,1.87258E-07
0.003247748,-1.570796627,4.9113E-08,3.32651E-07,-6.98792E-07,9.30554E-07,2.11547E-07
0.003645759,-1.570796664,5.51317E-08,3.73417E-07,-7.84429E-07,1.04459E-06,2.37473E-07
0.004068801,-1.570796703,6.15289E-08,4.16747E-07,-8.75452E-07,1.16581E-06,2.6503E-07
0.004516666,-1.570796744,6.83016E-08,4.6262E-07,-9.71816E-07,1.29413E-06,2.94204E-07
0.004989068,-1.570796788,7.54452E-08,5.11006E-07,-1.07346E-06,1.42948E-06,3.24976E-07
0.005485641,-1.570796834,8.29544E-08,5.61867E-07,-1.1803E-06,1.57176E-06,3.57323E-07
0.006005945,-1.570796882,9.08224E-08,6.15159E-07,-1.29225E-06,1.72084E-06,3.91216E-07
0.006549465,-1.570796932,9.90415E-08,6.70829E-07,-1.4092E-06,1.87657E-06,4.26621E-07
0.007115619,-1.570796985,1.07603E-07,7.28818E-07,-1.53101E-06,2.03879E-06,4.63501E-07
0.007703758,-1.570797039,1.16497E-07,7.89058E-07,-1.65756E-06,2.2073E-06,5.01812E-07
0.008313172,-1.570797095,1.25712E-07,8.51477E-07,-1.78868E-06,2.38191E-06,5.4151E-07
0.00894309,-1.570797154,1.35238E-07,9.15997E-07,-1.92421E-06,2.5624E-06,5.82543E-07
0.009592683,-1.570797214,1.45061E-07,9.82532E-07,-2.06398E-06,2.74852E-06,6.24858E-07
0.010261071,-1.570797275,1.55168E-07,1.05099E-06,-2.20779E-06,2.94003E-06,6.68397E-07
0.010947322,-1.570797339,1.65546E-07,1.12128E-06,-2.35545E-06,3.13666E-06,7.131E-07
0.011650459,-1.570797404,1.76179E-07,1.1933E-06,-2.50674E-06,3.33812E-06,7.58902E-07
0.012369459,-1.57079747,1.87051E-07,1.26694E-06,-2.66144E-06,3.54413E-06,8.05738E-07
0.013103259,-1.570797538,1.98148E-07,1.3421E-06,-2.81932E-06,3.75438E-06,8.53538E-07
0.013850758,-1.570797607,2.09452E-07,1.41867E-06,-2.98016E-06,3.96856E-06,9.02231E-07
0.01461082,-1.570797677,2.20945E-07,1.49652E-06,-3.14369E-06,4.18633E-06,9.51741E-07
0.015382279,-1.570797749,2.32611E-07,1.57553E-06,-3.30968E-06,4.40737E-06,1.00199E-06
0.01616394,-1.570797821,2.44432E-07,1.65559E-06,-3.47787E-06,4.63134E-06,1.05291E-06
0.016954582,-1.570797894,2.56388E-07,1.73658E-06,-3.64798E-06,4.85788E-06,1.10442E-06
0.017752964,-1.570797968,2.68461E-07,1.81835E-06,-3.81976E-06,5.08663E-06,1.15642E-06
0.018557823,-1.570798042,2.80632E-07,1.90079E-06,-3.99294E-06,5.31724E-06,1.20885E-06
0.019367884,-1.570798117,2.92882E-07,1.98376E-06,-4.16723E-06,5.54934E-06,1.26162E-06
0.020181857,-1.570798192,3.05191E-07,2.06713E-06,-4.34237E-06,5.78256E-06,1.31464E-06
0.020998443,-1.570798268,3.17539E-07,2.15077E-06,-4.51807E-06,6.01653E-06,1.36783E-06
0.021816338,-1.570798344,3.29907E-07,2.23454E-06,-4.69405E-06,6.25088E-06,1.42111E-06
0.022634396,-1.570798419,3.42255E-07,2.31827E-06,-4.86992E-06,6.4851E-06,1.47435E-06
0.023452126,-1.570798494,3.54464E-07,2.40162E-06,-5.04486E-06,6.7182E-06,1.52729E-06
0.024269203,-1.570798569,3.66403E-07,2.48423E-06,-5.218E-06,6.94913E-06,1.57964E-06
0.025085299,-1.570798642,3.77947E-07,2.56575E-06,-5.38851E-06,7.17688E-06,1.63114E-06
0.025900088,-1.570798715,3.88983E-07,2.64587E-06,-5.55561E-06,7.40052E-06,1.68152E-06
0.026713245,-1.570798786,3.994E-07,2.72428E-06,-5.71857E-06,7.61917E-06,1.73056E-06
0.027524445,-1.570798855,4.091E-07,2.8007E-06,-5.87672E-06,7.83201E-06,1.77803E-06
0.028333367,-1.570798922,4.17989E-07,2.87488E-06,-6.02942E-06,8.03827E-06,1.82372E-06
0.029139687,-1.570798986,4.25982E-07,2.94656E-06,-6.17609E-06,8.23724E-06,1.86746E-06
0.029943086,-1.570799049,4.32998E-07,3.01553E-06,-6.31618E-06,8.42826E-06,1.90905E-06
0.030743246,-1.570799108,4.38966E-07,3.08157E-06,-6.44919E-06,8.61073E-06,1.94834E-06
0.03153985,-1.570799165,4.43822E-07,3.1445E-06,-6.57468E-06,8.7841E-06,1.98518E-06
0.032332583,-1.570799219,4.47505E-07,3.20414E-06,-6.69222E-06,8.94786E-06,2.01943E-06
0.033121134,-1.57079927,4.49964E-07,3.26034E-06,-6.80145E-06,9.10157E-06,2.05099E-06
0.033905194,-1.570799318,4.51153E-07,3.31296E-06,-6.90203E-06,9.24481E-06,2.07973E-06
0.034684457,-1.570799362,4.5103E-07,3.36187E-06,-6.99367E-06,9.37722E-06,2.10557E-06
0.035458617,-1.570799403,4.49563E-07,3.40697E-06,-7.07612E-06,9.4985E-06,2.12843E-06
0.036227375,-1.57079944,4.46721E-07,3.44817E-06,-7.14916E-06,9.60837E-06,2.14823E-06
0.036990434,-1.570799474,4.42483E-07,3.48537E-06,-7.2126E-06,9.7066E-06,2.16491E-06
0.0377475,-1.570799504,4.3683E-07,3.51853E-06,-7.2663E-06,9.79301E-06,2.17843E-06
0.038498283,-1.570799531,4.2975E-07,3.54759E-06,-7.31015E-06,9.86746E-06,2.18876E-06
0.039242498,-1.570799553,4.21236E-07,3.57251E-06,-7.34405E-06,9.92983E-06,2.19586E-06
0.039979862,-1.570799572,4.11285E-07,3.59326E-06,-7.36797E-06,9.98007E-06,2.19972E-06
0.040710097,-1.570799588,3.99899E-07,3.60984E-06,-7.38188E-06,1.00181E-05,2.20035E-06
0.041432932,-1.570799599,3.87085E-07,3.62225E-06,-7.38579E-06,1.0044E-05,2.19773E-06
0.042148097,-1.570799607,3.72854E-07,3.6305E-06,-7.37975E-06,1.00578E-05,2.1919E-06
0.04285533,-1.570799611,3.57222E-07,3.6346E-06,-7.36382E-06,1.00596E-05,2.18286E-06
0.043554371,-1.570799611,3.40208E-07,3.63461E-06,-7.33809E-06,1.00493E-05,2.17066E-06
0.044244968,-1.570799608,3.21835E-07,3.63055E-06,-7.30269E-06,1.00273E-05,2.15533E-06
0.044926874,-1.570799601,3.0213E-07,3.62249E-06,-7.25775E-06,9.99362E-06,2.13693E-06
0.045599847,-1.57079959,2.81125E-07,3.61049E-06,-7.20345E-06,9.94848E-06,2.1155E-06
0.04626365,-1.570799577,2.58854E-07,3.59462E-06,-7.13998E-06,9.89211E-06,2.09112E-06
0.046918055,-1.570799559,2.35353E-07,3.57497E-06,-7.06754E-06,9.82475E-06,2.06384E-06
0.047562836,-1.570799539,2.10664E-07,3.55162E-06,-6.98637E-06,9.74667E-06,2.03376E-06
0.048197779,-1.570799515,1.84829E-07,3.52468E-06,-6.89672E-06,9.65817E-06,2.00095E-06
0.048822671,-1.570799488,1.57895E-07,3.49425E-06,-6.79887E-06,9.55956E-06,1.9655E-06
0.04943731,-1.570799458,1.29911E-07,3.46045E-06,-6.69309E-06,9.45119E-06,1.92751E-06
0.050041499,-1.570799425,1.00928E-07,3.4234E-06,-6.57969E-06,9.3334E-06,1.88708E-06
0.050635049,-1.570799389,7.09995E-08,3.38322E-06,-6.45899E-06,9.20657E-06,1.84432E-06
0.051217778,-1.57079935,4.0181E-08,3.34004E-06,-6.33133E-06,9.0711E-06,1.79933E-06
0.051789512,-1.570799309,8.53013E-09,3.29401E-06,-6.19704E-06,8.9274E-06,1.75223E-06
0.052350086,-1.570799266,-2.38937E-08,3.24527E-06,-6.0565E-06,8.77589E-06,1.70314E-06
0.05289934,-1.57079922,-5.70296E-08,3.19397E-06,-5.91007E-06,8.61701E-06,1.65218E-06
0.053437126,-1.570799172,-9.08151E-08,3.14026E-06,-5.75813E-06,8.45121E-06,1.59947E-06
0.0539633,-1.570799122,-1.25187E-07,3.08429E-06,-5.60108E-06,8.27895E-06,1.54515E-06
0.054477732,-1.57079907,-1.60079E-07,3.02623E-06,-5.4393E-06,8.1007E-06,1.48935E-06
0.054980297,-1.570799017,-1.95427E-07,2.96623E-06,-5.27321E-06,7.91695E-06,1.43219E-06
0.055470879,-1.570798962,-2.31163E-07,2.90447E-06,-5.10322E-06,7.72819E-06,1.37382E-06
0.055949373,-1.570798905,-2.67221E-07,2.84112E-06,-4.92974E-06,7.5349E-06,1.31438E-06
0.056415683,-1.570798847,-3.03532E-07,2.77633E-06,-4.75319E-06,7.33759E-06,1.25399E-06
0.056870075,-1.570798788,-3.40031E-07,2.7103E-06,-4.57404E-06,7.13679E-06,1.19277E-06
0.057314195,-1.570798728,-3.7666E-07,2.64324E-06,-4.39284E-06,6.93306E-06,1.1307E-06
0.057749944,-1.570798667,-4.13367E-07,2.57537E-06,-4.21018E-06,6.72699E-06,1.06772E-06
0.058179111,-1.570798605,-4.50101E-07,2.50689E-06,-4.02658E-06,6.51912E-06,1.00379E-06
0.058603382,-1.570798543,-4.86813E-07,2.43801E-06,-3.84258E-06,6.30997E-06,9.38861E-07
0.059024336,-1.57079848,-5.23456E-07,2.36892E-06,-3.65867E-06,6.10006E-06,8.72912E-07
0.059443452,-1.570798417,-5.59985E-07,2.29979E-06,-3.47531E-06,5.88985E-06,8.05913E-07
0.05986211,-1.570798354,-5.96357E-07,2.2308E-06,-3.29295E-06,5.6798E-06,7.37841E-07
0.060281591,-1.57079829,-6.32532E-07,2.16211E-06,-3.112E-06,5.47033E-06,6.68681E-07
0.060703082,-1.570798226,-6.68471E-07,2.09387E-06,-2.93286E-06,5.26187E-06,5.98422E-07
0.061127675,-1.570798162,-7.04136E-07,2.02623E-06,-2.7559E-06,5.05479E-06,5.27058E-07
0.061556376,-1.570798099,-7.39492E-07,1.95932E-06,-2.58148E-06,4.84947E-06,4.54589E-07
0.061990097,-1.570798035,-7.74506E-07,1.89327E-06,-2.40991E-06,4.64625E-06,3.81019E-07
0.062429667,-1.570797972,-8.09147E-07,1.8282E-06,-2.24149E-06,4.44544E-06,3.06357E-07
0.06287583,-1.570797909,-8.43383E-07,1.76422E-06,-2.07652E-06,4.24737E-06,2.30616E-07
0.063329249,-1.570797847,-8.77187E-07,1.70144E-06,-1.91525E-06,4.05231E-06,1.53815E-07
0.063790507,-1.570797785,-9.10532E-07,1.63995E-06,-1.75793E-06,3.86052E-06,7.59743E-08
0.064260109,-1.570797724,-9.43394E-07,1.57984E-06,-1.60476E-06,3.67226E-06,-2.87856E-09
0.064738486,-1.570797663,-9.75749E-07,1.5212E-06,-1.45597E-06,3.48775E-06,-8.27141E-08
0.065225995,-1.570797603,-1.00758E-06,1.46409E-06,-1.31171E-06,3.30721E-06,-1.63498E-07
0.065722923,-1.570797544,-1.03885E-06,1.40859E-06,-1.17217E-06,3.13082E-06,-2.45194E-07
0.066229488,-1.570797486,-1.06956E-06,1.35476E-06,-1.03748E-06,2.95876E-06,-3.27761E-07
0.066745843,-1.570797428,-1.09969E-06,1.30265E-06,-9.07776E-07,2.7912E-06,-4.11154E-07
0.067272075,-1.570797372,-1.12922E-06,1.25231E-06,-7.83161E-07,2.62826E-06,-4.95327E-07
0.06780821,-1.570797316,-1.15813E-06,1.20379E-06,-6.63732E-07,2.47009E-06,-5.80229E-07
0.068354215,-1.570797261,-1.18641E-06,1.15711E-06,-5.49566E-07,2.31679E-06,-6.65808E-07
0.06891,-1.570797208,-1.21406E-06,1.11231E-06,-4.40725E-07,2.16846E-06,-7.52007E-07
0.069475418,-1.570797155,-1.24105E-06,1.06942E-06,-3.37254E-07,2.02518E-06,-8.38768E-07
0.070050271,-1.570797104,-1.26739E-06,1.02844E-06,-2.39186E-07,1.88702E-06,-9.26031E-07
0.070634308,-1.570797053,-1.29306E-06,9.89407E-07,-1.46537E-07,1.75403E-06,-1.01373E-06
0.071227233,-1.570797004,-1.31806E-06,9.52315E-07,-5.93104E-08,1.62624E-06,-1.10181E-06
0.0718287,-1.570796956,-1.34239E-06,9.1717E-07,2.25031E-08,1.5037E-06,-1.1902E-06
0.072438322,-1.570796909,-1.36603E-06,8.83972E-07,9.89266E-08,1.38642E-06,-1.27882E-06
0.073055668,-1.570796863,-1.38899E-06,8.52715E-07,1.69995E-07,1.27439E-06,-1.36761E-06
0.073680268,-1.570796819,-1.41126E-06,8.23388E-07,2.35756E-07,1.1676E-06,-1.4565E-06
0.074311616,-1.570796776,-1.43284E-06,7.95977E-07,2.96268E-07,1.06605E-06,-1.54542E-06
0.074949169,-1.570796733,-1.45374E-06,7.70462E-07,3.516E-07,9.69696E-07,-1.63429E-06
0.075592351,-1.570796693,-1.47396E-06,7.46822E-07,4.01832E-07,8.78496E-07,-1.72303E-06
0.076240557,-1.570796653,-1.49349E-06,7.25028E-07,4.47055E-07,7.92402E-07,-1.81158E-06
0.076893152,-1.570796615,-1.51234E-06,7.05051E-07,4.87366E-07,7.11352E-07,-1.89985E-06
0.077549476,-1.570796578,-1.53051E-06,6.86858E-07,5.22876E-07,6.35277E-07,-1.98777E-06
0.078208844,-1.570796542,-1.54801E-06,6.70412E-07,5.537E-07,5.64097E-07,-2.07526E-06
0.078870549,-1.570796508,-1.56485E-06,6.55671E-07,5.79963E-07,4.97726E-07,-2.16225E-06
0.079533865,-1.570796474,-1.58103E-06,6.42594E-07,6.01799E-07,4.3607E-07,-2.24865E-06
0.080198048,-1.570796442,-1.59656E-06,6.31136E-07,6.19347E-07,3.79025E-07,-2.33439E-06
0.08086234,-1.570796412,-1.61144E-06,6.21246E-07,6.32752E-07,3.26483E-07,-2.41939E-06
0.081525969,-1.570796382,-1.62569E-06,6.12876E-07,6.42168E-07,2.78329E-07,-2.50358E-06
0.082188152,-1.570796354,-1.63932E-06,6.05972E-07,6.47752E-07,2.34439E-07,-2.58689E-06
0.082848099,-1.570796326,-1.65233E-06,6.00478E-07,6.49667E-07,1.94686E-07,-2.66922E-06
0.083505012,-1.5707963,-1.66474E-06,5.96339E-07,6.48081E-07,1.58937E-07,-2.75052E-06
0.084158323,-1.570796276,-1.67653E-06,5.9348E-07,6.4317E-07,1.2704E-07,-2.83065E-06
0.084808377,-1.570796252,-1.68761E-06,5.91762E-07,6.35125E-07,9.87831E-08,-2.90928E-06
0.085455713,-1.570796229,-1.69786E-06,5.91039E-07,6.24133E-07,7.39491E-08,-2.98605E-06
0.086100827,-1.570796208,-1.70717E-06,5.91168E-07,6.10379E-07,5.23266E-08,-3.06061E-06
0.08674417,-1.570796188,-1.71546E-06,5.92018E-07,5.9404E-07,3.37118E-08,-3.13264E-06
0.087386156,-1.570796168,-1.72262E-06,5.93459E-07,5.7529E-07,1.79082E-08,-3.20185E-06
0.088027157,-1.57079615,-1.72858E-06,5.95373E-07,5.54293E-07,4.7262E-09,-3.26796E-06
0.088667505,-1.570796133,-1.73325E-06,5.97644E-07,5.31213E-07,-6.01666E-09,-3.33071E-06
0.089307495,-1.570796117,-1.73658E-06,6.00166E-07,5.06206E-07,-1.44961E-08,-3.38988E-06
0.089947386,-1.570796102,-1.73849E-06,6.02837E-07,4.79422E-07,-2.08811E-08,-3.44524E-06
0.090587399,-1.570796088,-1.73894E-06,6.05561E-07,4.51008E-07,-2.53342E-08,-3.4966E-06
0.091227722,-1.570796075,-1.73788E-06,6.08249E-07,4.21105E-07,-2.8011E-08,-3.5438E-06
0.091868508,-1.570796063,-1.73526E-06,6.10818E-07,3.89849E-07,-2.90613E-08,-3.58667E-06
0.092509876,-1.570796052,-1.73105E-06,6.1319E-07,3.57371E-07,-2.86282E-08,-3.62508E-06
0.093151916,-1.570796042,-1.72522E-06,6.15291E-07,3.23797E-07,-2.68487E-08,-3.65891E-06
0.093794684,-1.570796032,-1.71775E-06,6.17056E-07,2.89249E-07,-2.38541E-08,-3.68806E-06
0.094438208,-1.570796024,-1.70862E-06,6.18422E-07,2.53844E-07,-1.97694E-08,-3.71244E-06
0.095082486,-1.570796016,-1.69782E-06,6.19334E-07,2.17694E-07,-1.4714E-08,-3.73198E-06
0.09572749,-1.570796009,-1.68534E-06,6.1974E-07,1.80908E-07,-8.80148E-09,-3.74664E-06
0.096373162,-1.570796004,-1.67118E-06,6.19592E-07,1.43588E-07,-2.13994E-09,-3.75638E-06
0.097019422,-1.570795998,-1.65534E-06,6.18851E-07,1.05833E-07,5.168E-09,-3.76117E-06
0.097666161,-1.570795994,-1.63784E-06,6.17478E-07,6.77388E-08,1.30251E-08,-3.76101E-06
0.09831325,-1.57079599,-1.61869E-06,6.1544E-07,2.93955E-08,2.13393E-08,-3.75591E-06
0.098960535,-1.570795988,-1.5979E-06,6.12711E-07,-9.11042E-09,3.00237E-08,-3.74589E-06
0.099607841,-1.570795985,-1.5755E-06,6.09265E-07,-4.76967E-08,3.89965E-08,-3.73098E-06
0.100254971,-1.570795984,-1.55152E-06,6.05083E-07,-8.62848E-08,4.81805E-08,-3.71123E-06
0.10090171,-1.570795983,-1.52598E-06,6.0015E-07,-1.248E-07,5.75036E-08,-3.68669E-06
0.101547823,-1.570795983,-1.49893E-06,5.94452E-07,-1.63173E-07,6.68981E-08,-3.65745E-06
0.102193057,-1.570795983,-1.47039E-06,5.87983E-07,-2.01335E-07,7.63012E-08,-3.62358E-06
0.102837145,-1.570795984,-1.44041E-06,5.80737E-07,-2.39224E-07,8.5654E-08,-3.58517E-06
0.103479801,-1.570795986,-1.40905E-06,5.72713E-07,-2.76781E-07,9.49025E-08,-3.54233E-06
0.104120725,-1.570795988,-1.37634E-06,5.63914E-07,-3.13948E-07,1.03996E-07,-3.49517E-06
0.104759604,-1.57079599,-1.34234E-06,5.54345E-07,-3.50675E-07,1.1289E-07,-3.44382E-06
0.105396113,-1.570795993,-1.3071E-06,5.44014E-07,-3.8691E-07,1.21541E-07,-3.3884E-06
0.106029913,-1.570795997,-1.27068E-06,5.32933E-07,-4.22609E-07,1.29911E-07,-3.32906E-06
0.106660658,-1.570796001,-1.23314E-06,5.21116E-07,-4.57729E-07,1.37967E-07,-3.26594E-06
0.107287988,-1.570796005,-1.19455E-06,5.08581E-07,-4.92231E-07,1.45676E-07,-3.19919E-06
0.107911538,-1.57079601,-1.15496E-06,4.95346E-07,-5.26077E-07,1.53013E-07,-3.12899E-06
0.108530934,-1.570796015,-1.11445E-06,4.81434E-07,-5.59235E-07,1.59952E-07,-3.0555E-06
0.109145795,-1.570796021,-1.07308E-06,4.66868E-07,-5.91675E-07,1.66474E-07,-2.97889E-06
0.109755734,-1.570796026,-1.03092E-06,4.51676E-07,-6.23368E-07,1.72561E-07,-2.89934E-06
0.110360361,-1.570796033,-9.88039E-07,4.35886E-07,-6.54289E-07,1.78199E-07,-2.81705E-06
0.110959281,-1.570796039,-9.44519E-07,4.19528E-07,-6.84418E-07,1.83376E-07,-2.73219E-06
0.111552099,-1.570796045,-9.00429E-07,4.02634E-07,-7.13733E-07,1.88084E-07,-2.64497E-06
0.112138414,-1.570796052,-8.55845E-07,3.85238E-07,-7.4222E-07,1.92317E-07,-2.55557E-06
0.112717829,-1.570796059,-8.10842E-07,3.67376E-07,-7.69862E-07,1.96072E-07,-2.46421E-06
0.113289944,-1.570796066,-7.65497E-07,3.49084E-07,-7.96648E-07,1.99347E-07,-2.37108E-06
0.113854364,-1.570796074,-7.19886E-07,3.304E-07,-8.22569E-07,2.02145E-07,-2.2764E-06
0.114410693,-1.570796081,-6.74087E-07,3.11364E-07,-8.47617E-07,2.0447E-07,-2.18036E-06
0.11495854,-1.570796089,-6.28177E-07,2.92015E-07,-8.71786E-07,2.06327E-07,-2.08318E-06
0.115497824,-1.570796097,-5.82156E-07,2.72406E-07,-8.95147E-07,2.07744E-07,-1.98505E-06
0.116029649,-1.570796104,-5.35715E-07,2.52639E-07,-9.18051E-07,2.08828E-07,-1.88604E-06
0.116555352,-1.570796113,-4.88494E-07,2.3282E-07,-9.40902E-07,2.09698E-07,-1.78624E-06
0.117076186,-1.570796122,-4.40153E-07,2.13052E-07,-9.64077E-07,2.10467E-07,-1.6857E-06
0.117593324,-1.570796132,-3.90377E-07,1.9343E-07,-9.8793E-07,2.11241E-07,-1.58449E-06
0.118107863,-1.570796142,-3.38876E-07,1.74045E-07,-1.01279E-06,2.12122E-07,-1.48269E-06
0.118620824,-1.570796154,-2.85378E-07,1.54982E-07,-1.03897E-06,2.13202E-07,-1.38034E-06
0.119133151,-1.570796166,-2.29638E-07,1.36321E-07,-1.06675E-06,2.14568E-07,-1.27753E-06
0.119645718,-1.57079618,-1.7143E-07,1.18135E-07,-1.0964E-06,2.16302E-07,-1.17431E-06
0.120159328,-1.570796196,-1.1055E-07,1.00495E-07,-1.12816E-06,2.1848E-07,-1.07076E-06
0.120674714,-1.570796212,-4.6812E-08,8.34641E-08,-1.16225E-06,2.2117E-07,-9.66927E-07
0.12119254,-1.57079623,1.99466E-08,6.71021E-08,-1.19887E-06,2.24438E-07,-8.62888E-07
0.121713407,-1.57079625,8.98707E-08,5.14635E-08,-1.2382E-06,2.2834E-07,-7.58706E-07
0.12223785,-1.570796271,1.63086E-07,3.65982E-08,-1.28041E-06,2.32931E-07,-6.54444E-07
0.122766343,-1.570796294,2.39699E-07,2.25514E-08,-1.32564E-06,2.38257E-07,-5.50165E-07
0.123299299,-1.570796318,3.198E-07,9.36406E-09,-1.37401E-06,2.44362E-07,-4.45933E-07
0.123837072,-1.570796345,4.0346E-07,-2.92732E-09,-1.42563E-06,2.51283E-07,-3.41811E-07
0.124379958,-1.570796373,4.90734E-07,-1.42904E-08,-1.48059E-06,2.59053E-07,-2.37861E-07
0.124928198,-1.570796403,5.81661E-07,-2.46971E-08,-1.53896E-06,2.677E-07,-1.34144E-07
0.12548198,-1.570796434,6.76263E-07,-3.41231E-08,-1.6008E-06,2.77247E-07,-3.0722E-08
0.12604144,-1.570796467,7.74547E-07,-4.25482E-08,-1.66615E-06,2.87713E-07,7.23449E-08
0.126606663,-1.570796503,8.76507E-07,-4.99558E-08,-1.73504E-06,2.99113E-07,1.74997E-07
0.127177685,-1.57079654,9.82119E-07,-5.63331E-08,-1.80747E-06,3.11458E-07,2.77175E-07
0.127754496,-1.570796578,1.09135E-06,-6.16708E-08,-1.88344E-06,3.24753E-07,3.78821E-07
0.128337041,-1.570796619,1.20414E-06,-6.59629E-08,-1.96294E-06,3.39002E-07,4.79877E-07
0.12892522,-1.570796661,1.32045E-06,-6.92071E-08,-2.04593E-06,3.54203E-07,5.80287E-07
0.129518894,-1.570796705,1.44018E-06,-7.14039E-08,-2.13237E-06,3.70352E-07,6.79994E-07
0.13011788,-1.57079675,1.56326E-06,-7.25571E-08,-2.2222E-06,3.87439E-07,7.78943E-07
0.130721962,-1.570796797,1.68959E-06,-7.26735E-08,-2.31536E-06,4.05453E-07,8.77081E-07
0.131330882,-1.570796846,1.81906E-06,-7.17626E-08,-2.41177E-06,4.2438E-07,9.74354E-07
0.13194435,-1.570796896,1.95155E-06,-6.9837E-08,-2.51133E-06,4.44201E-07,1.07071E-06
0.132562044,-1.570796948,2.08694E-06,-6.69115E-08,-2.61395E-06,4.64895E-07,1.1661E-06
0.133183607,-1.570797001,2.22508E-06,-6.30039E-08,-2.71952E-06,4.86438E-07,1.26047E-06
0.133808656,-1.570797055,2.36584E-06,-5.81342E-08,-2.82791E-06,5.08803E-07,1.35377E-06
0.134436778,-1.570797111,2.50905E-06,-5.23245E-08,-2.939E-06,5.31963E-07,1.44596E-06
0.135067534,-1.570797168,2.65456E-06,-4.55996E-08,-3.05266E-06,5.55884E-07,1.53699E-06
0.13570046,-1.570797226,2.8022E-06,-3.79858E-08,-3.16873E-06,5.80534E-07,1.62681E-06
0.13633507,-1.570797285,2.95179E-06,-2.9512E-08,-3.28707E-06,6.05875E-07,1.71537E-06
0.136970857,-1.570797345,3.10315E-06,-2.02084E-08,-3.40752E-06,6.31871E-07,1.80265E-06
0.137607294,-1.570797406,3.25609E-06,-1.01072E-08,-3.52992E-06,6.58482E-07,1.88858E-06
0.138243835,-1.570797467,3.41042E-06,7.5764E-10,-3.65408E-06,6.85665E-07,1.97314E-06
0.138879922,-1.57079753,3.56595E-06,1.23509E-08,-3.77985E-06,7.13378E-07,2.05629E-06
0.139514979,-1.570797593,3.72247E-06,2.46357E-08,-3.90704E-06,7.41575E-07,2.13798E-06
0.140148418,-1.570797656,3.87978E-06,3.75741E-08,-4.03545E-06,7.70212E-07,2.21818E-06
0.140779642,-1.57079772,4.03767E-06,5.11268E-08,-4.16492E-06,7.9924E-07,2.29686E-06
0.141408044,-1.570797785,4.19594E-06,6.52535E-08,-4.29523E-06,8.28611E-07,2.37398E-06
0.142033008,-1.570797849,4.35436E-06,7.99129E-08,-4.42621E-06,8.58277E-07,2.44952E-06
0.142653915,-1.570797914,4.51273E-06,9.50629E-08,-4.55765E-06,8.88186E-07,2.52343E-06
0.143270141,-1.570797979,4.67083E-06,1.10661E-07,-4.68935E-06,9.18289E-07,2.5957E-06
0.143881058,-1.570798043,4.82845E-06,1.26663E-07,-4.82112E-06,9.48534E-07,2.66629E-06
0.144486303,-1.570798108,4.98525E-06,1.43016E-07,-4.95264E-06,9.78843E-07,2.73514E-06
0.14508654,-1.570798172,5.14042E-06,1.59629E-07,-5.08312E-06,1.00904E-06,2.80194E-06
0.145682641,-1.570798235,5.29306E-06,1.76407E-07,-5.21172E-06,1.03893E-06,2.86638E-06
0.146275421,-1.570798297,5.44236E-06,1.9326E-07,-5.33764E-06,1.06834E-06,2.92816E-06
0.146865633,-1.570798357,5.58752E-06,2.10102E-07,-5.46014E-06,1.0971E-06,2.987E-06
0.147453977,-1.570798416,5.72781E-06,2.26852E-07,-5.5785E-06,1.12504E-06,3.04264E-06
0.148041098,-1.570798473,5.86257E-06,2.43435E-07,-5.69209E-06,1.15202E-06,3.09485E-06
0.148627583,-1.570798527,5.99115E-06,2.59778E-07,-5.80029E-06,1.1779E-06,3.14341E-06
0.149213972,-1.570798579,6.11299E-06,2.75815E-07,-5.90254E-06,1.20255E-06,3.18811E-06
0.14980075,-1.570798628,6.22753E-06,2.91483E-07,-5.99833E-06,1.22585E-06,3.22879E-06
0.150388353,-1.570798674,6.33429E-06,3.06724E-07,-6.08719E-06,1.2477E-06,3.26529E-06
0.15097717,-1.570798716,6.43284E-06,3.21483E-07,-6.16867E-06,1.26799E-06,3.29745E-06
0.151567539,-1.570798756,6.52275E-06,3.3571E-07,-6.24241E-06,1.28664E-06,3.32516E-06
0.152159756,-1.570798792,6.60369E-06,3.4936E-07,-6.30804E-06,1.30356E-06,3.34831E-06
0.152754071,-1.570798824,6.67533E-06,3.6239E-07,-6.36526E-06,1.31869E-06,3.3668E-06
0.153350688,-1.570798853,6.7374E-06,3.74761E-07,-6.4138E-06,1.33195E-06,3.38057E-06
0.153949773,-1.570798878,6.78965E-06,3.8644E-07,-6.45342E-06,1.3433E-06,3.38955E-06
0.154551449,-1.570798899,6.8319E-06,3.97394E-07,-6.48393E-06,1.35268E-06,3.39371E-06
0.1551558,-1.570798916,6.86397E-06,4.07597E-07,-6.50517E-06,1.36006E-06,3.39302E-06
0.155762871,-1.570798929,6.88575E-06,4.17025E-07,-6.51701E-06,1.3654E-06,3.38745E-06
0.156372673,-1.570798938,6.89714E-06,4.25656E-07,-6.51935E-06,1.36868E-06,3.37701E-06
0.156985177,-1.570798943,6.89808E-06,4.33474E-07,-6.51214E-06,1.36989E-06,3.36172E-06
0.157600325,-1.570798944,6.88856E-06,4.40463E-07,-6.49533E-06,1.369E-06,3.3416E-06
0.158218021,-1.570798941,6.86858E-06,4.46614E-07,-6.46894E-06,1.36603E-06,3.3167E-06
0.15883814,-1.570798934,6.83818E-06,4.51916E-07,-6.43299E-06,1.36096E-06,3.28705E-06
0.159460528,-1.570798922,6.79742E-06,4.56366E-07,-6.38754E-06,1.35381E-06,3.25274E-06
0.160084999,-1.570798907,6.74642E-06,4.5996E-07,-6.33266E-06,1.3446E-06,3.21382E-06
0.160711342,-1.570798888,6.68528E-06,4.62698E-07,-6.26848E-06,1.33334E-06,3.17039E-06
0.161339317,-1.570798864,6.61416E-06,4.64584E-07,-6.19513E-06,1.32007E-06,3.12255E-06
0.161968662,-1.570798837,6.53323E-06,4.65621E-07,-6.11275E-06,1.30481E-06,3.07039E-06
0.162599088,-1.570798806,6.44271E-06,4.65818E-07,-6.02155E-06,1.28759E-06,3.01404E-06
0.163230287,-1.570798772,6.3428E-06,4.65185E-07,-5.92171E-06,1.26848E-06,2.95361E-06
0.163861926,-1.570798734,6.23376E-06,4.63732E-07,-5.81347E-06,1.2475E-06,2.88924E-06
0.164493656,-1.570798692,6.11584E-06,4.61476E-07,-5.69707E-06,1.22471E-06,2.82108E-06
0.165125107,-1.570798647,5.98935E-06,4.58431E-07,-5.57278E-06,1.20016E-06,2.74926E-06
0.165755893,-1.570798598,5.85458E-06,4.54615E-07,-5.44087E-06,1.17392E-06,2.67394E-06
0.166385611,-1.570798547,5.71185E-06,4.50049E-07,-5.30164E-06,1.14605E-06,2.5953E-06
0.167013844,-1.570798492,5.56151E-06,4.44755E-07,-5.15541E-06,1.11661E-06,2.51348E-06
0.167640163,-1.570798435,5.40391E-06,4.38755E-07,-5.00251E-06,1.08568E-06,2.42868E-06
0.168264124,-1.570798375,5.23942E-06,4.32074E-07,-4.84328E-06,1.05332E-06,2.34106E-06
0.168885276,-1.570798312,5.06841E-06,4.24739E-07,-4.67807E-06,1.01962E-06,2.25081E-06
0.169503155,-1.570798246,4.8913E-06,4.16777E-07,-4.50726E-06,9.84649E-07,2.15812E-06
0.170117292,-1.570798179,4.70847E-06,4.08217E-07,-4.33121E-06,9.48491E-07,2.06319E-06
0.17072721,-1.570798109,4.52035E-06,3.99089E-07,-4.15033E-06,9.1123E-07,1.9662E-06
0.171332426,-1.570798037,4.32737E-06,3.89424E-07,-3.965E-06,8.72951E-07,1.86736E-06
0.171932454,-1.570797964,4.12996E-06,3.79254E-07,-3.77563E-06,8.33741E-07,1.76687E-06
0.172526805,-1.570797889,3.92855E-06,3.68613E-07,-3.58263E-06,7.93688E-07,1.66493E-06
0.173114987,-1.570797812,3.72359E-06,3.57534E-07,-3.38641E-06,7.52882E-07,1.56175E-06
0.17369651,-1.570797734,3.51554E-06,3.46051E-07,-3.1874E-06,7.11415E-07,1.45753E-06
0.174270883,-1.570797655,3.30485E-06,3.342E-07,-2.98602E-06,6.69379E-07,1.35249E-06
0.174837906,-1.570797575,3.092E-06,3.22018E-07,-2.78272E-06,6.2687E-07,1.24683E-06
0.175398499,-1.570797495,2.87763E-06,3.09553E-07,-2.57802E-06,5.8401E-07,1.14086E-06
0.175953804,-1.570797414,2.66237E-06,2.96852E-07,-2.37244E-06,5.40916E-07,1.03485E-06
0.176504888,-1.570797332,2.44682E-06,2.8396E-07,-2.16647E-06,4.97703E-07,9.29082E-07
0.17705275,-1.570797251,2.23155E-06,2.7092E-07,-1.96057E-06,4.54479E-07,8.23807E-07
0.177598319,-1.57079717,2.01709E-06,2.57774E-07,-1.75521E-06,4.11347E-07,7.19272E-07
0.178142456,-1.570797089,1.80397E-06,2.44561E-07,-1.5508E-06,3.68404E-07,6.15708E-07
0.178685959,-1.570797008,1.59267E-06,2.31319E-07,-1.34774E-06,3.25742E-07,5.13333E-07
0.17922956,-1.570796929,1.38364E-06,2.18082E-07,-1.14642E-06,2.8345E-07,4.1235E-07
0.179773928,-1.57079685,1.17732E-06,2.04885E-07,-9.47189E-07,2.41609E-07,3.12954E-07
0.18031967,-1.570796772,9.74099E-07,1.9176E-07,-7.50391E-07,2.00297E-07,2.15321E-07
0.180867337,-1.570796695,7.74364E-07,1.78736E-07,-5.56339E-07,1.59586E-07,1.1962E-07
0.181417418,-1.57079662,5.78464E-07,1.65842E-07,-3.65331E-07,1.19543E-07,2.60063E-08
0.181970349,-1.570796546,3.86723E-07,1.53105E-07,-1.77643E-07,8.02335E-08,-6.53775E-08
0.182526508,-1.570796473,1.99444E-07,1.40548E-07,6.4682E-09,4.17147E-08,-1.54399E-07
0.183086221,-1.570796402,1.69037E-08,1.28196E-07,1.86763E-07,4.04121E-09,-2.40937E-07
0.183649763,-1.570796333,-1.60643E-07,1.16071E-07,3.63023E-07,-3.27368E-08,-3.24882E-07
0.184217358,-1.570796265,-3.32966E-07,1.04191E-07,5.35046E-07,-6.85736E-08,-4.06135E-07
0.184789181,-1.570796199,-4.99854E-07,9.2576E-08,7.02649E-07,-1.03427E-07,-4.84606E-07
0.185365359,-1.570796136,-6.61121E-07,8.12429E-08,8.65664E-07,-1.3726E-07,-5.60217E-07
0.185945976,-1.570796074,-8.16599E-07,7.02071E-08,1.02394E-06,-1.70039E-07,-6.32899E-07
0.186531069,-1.570796014,-9.66144E-07,5.94828E-08,1.17735E-06,-2.01732E-07,-7.02592E-07
0.187120634,-1.570795957,-1.10963E-06,4.90828E-08,1.32577E-06,-2.32315E-07,-7.69245E-07
0.187714626,-1.570795901,-1.24695E-06,3.90184E-08,1.4691E-06,-2.61764E-07,-8.32819E-07
0.188312961,-1.570795848,-1.37801E-06,2.92998E-08,1.60725E-06,-2.9006E-07,-8.9328E-07
0.188915515,-1.570795797,-1.50276E-06,1.99356E-08,1.74015E-06,-3.17186E-07,-9.50606E-07
0.189522129,-1.570795748,-1.62112E-06,1.09336E-08,1.86775E-06,-3.43132E-07,-1.00478E-06
0.19013261,-1.570795702,-1.73308E-06,2.30009E-09,1.99E-06,-3.67887E-07,-1.05579E-06
0.19074673,-1.570795658,-1.83862E-06,-5.95983E-09,2.10687E-06,-3.91444E-07,-1.10365E-06
0.191364231,-1.570795616,-1.93772E-06,-1.38421E-08,2.21834E-06,-4.13802E-07,-1.14835E-06
0.191984823,-1.570795576,-2.03042E-06,-2.13437E-08,2.3244E-06,-4.34958E-07,-1.18992E-06
0.192608188,-1.570795539,-2.11672E-06,-2.84629E-08,2.42507E-06,-4.54917E-07,-1.22837E-06
0.193233983,-1.570795503,-2.19669E-06,-3.51988E-08,2.52036E-06,-4.73682E-07,-1.26374E-06
0.193861836,-1.570795471,-2.27037E-06,-4.15515E-08,2.61031E-06,-4.91262E-07,-1.29606E-06
0.194491353,-1.57079544,-2.33785E-06,-4.75221E-08,2.69495E-06,-5.07667E-07,-1.32536E-06
0.195122118,-1.570795411,-2.39919E-06,-5.31128E-08,2.77433E-06,-5.2291E-07,-1.3517E-06
0.195753691,-1.570795385,-2.4545E-06,-5.83263E-08,2.84852E-06,-5.37005E-07,-1.37513E-06
0.196385618,-1.570795361,-2.50388E-06,-6.31664E-08,2.91759E-06,-5.49969E-07,-1.39571E-06
0.197017421,-1.570795339,-2.54745E-06,-6.76378E-08,2.98162E-06,-5.61822E-07,-1.41349E-06
0.197648611,-1.570795319,-2.58535E-06,-7.17458E-08,3.0407E-06,-5.72586E-07,-1.42856E-06
0.198278681,-1.570795301,-2.6177E-06,-7.54965E-08,3.09492E-06,-5.82282E-07,-1.44097E-06
0.198907111,-1.570795285,-2.64467E-06,-7.88966E-08,3.14439E-06,-5.90936E-07,-1.45081E-06
0.199533372,-1.570795271,-2.6664E-06,-8.19537E-08,3.18922E-06,-5.98575E-07,-1.45815E-06
0.200156922,-1.570795259,-2.68306E-06,-8.46759E-08,3.22953E-06,-6.05227E-07,-1.46309E-06
0.200777212,-1.570795249,-2.69483E-06,-8.70718E-08,3.26545E-06,-6.10921E-07,-1.4657E-06
0.201393685,-1.57079524,-2.70188E-06,-8.91507E-08,3.29711E-06,-6.15689E-07,-1.46609E-06
0.20200578,-1.570795233,-2.7044E-06,-9.09224E-08,3.32465E-06,-6.19563E-07,-1.46434E-06
0.20261293,-1.570795228,-2.70259E-06,-9.23971E-08,3.3482E-06,-6.22576E-07,-1.46055E-06
0.203214567,-1.570795224,-2.69665E-06,-9.35857E-08,3.36793E-06,-6.24764E-07,-1.45481E-06
0.203810122,-1.570795222,-2.68677E-06,-9.44991E-08,3.38398E-06,-6.26161E-07,-1.44724E-06
0.2043993,-1.570795222,-2.67314E-06,-9.51485E-08,3.39645E-06,-6.26797E-07,-1.43792E-06
0.204982873,-1.570795222,-2.65582E-06,-9.55428E-08,3.40524E-06,-6.26667E-07,-1.42687E-06
0.205561825,-1.570795224,-2.63486E-06,-9.56907E-08,3.4102E-06,-6.25764E-07,-1.4141E-06
0.206137078,-1.570795228,-2.6103E-06,-9.56005E-08,3.41118E-06,-6.24078E-07,-1.39962E-06
0.206709489,-1.570795233,-2.5822E-06,-9.52807E-08,3.40808E-06,-6.21605E-07,-1.38346E-06
0.207279853,-1.570795239,-2.55062E-06,-9.47395E-08,3.40079E-06,-6.18341E-07,-1.36564E-06
0.207848906,-1.570795247,-2.51561E-06,-9.39853E-08,3.38922E-06,-6.14284E-07,-1.34616E-06
0.208417325,-1.570795256,-2.47723E-06,-9.30262E-08,3.3733E-06,-6.09434E-07,-1.32507E-06
0.208985729,-1.570795267,-2.43556E-06,-9.18703E-08,3.35296E-06,-6.03793E-07,-1.30237E-06
0.209554681,-1.570795279,-2.39067E-06,-9.05256E-08,3.32817E-06,-5.97364E-07,-1.27811E-06
0.210124689,-1.570795292,-2.34262E-06,-8.90002E-08,3.29888E-06,-5.90152E-07,-1.25231E-06
0.210696209,-1.570795306,-2.29151E-06,-8.73018E-08,3.26507E-06,-5.82163E-07,-1.22501E-06
0.211269645,-1.570795322,-2.23741E-06,-8.54382E-08,3.22674E-06,-5.73407E-07,-1.19624E-06
0.211845349,-1.570795339,-2.18041E-06,-8.34173E-08,3.18389E-06,-5.63891E-07,-1.16604E-06
0.212423626,-1.570795358,-2.1206E-06,-8.12465E-08,3.13653E-06,-5.53628E-07,-1.13444E-06
0.213004732,-1.570795377,-2.05806E-06,-7.89335E-08,3.08469E-06,-5.4263E-07,-1.10149E-06
0.213588878,-1.570795398,-1.99289E-06,-7.64857E-08,3.02841E-06,-5.3091E-07,-1.06723E-06
0.214176229,-1.57079542,-1.92519E-06,-7.39104E-08,2.96772E-06,-5.18483E-07,-1.0317E-06
0.214766908,-1.570795443,-1.85505E-06,-7.1215E-08,2.9027E-06,-5.05367E-07,-9.94951E-07
0.215360994,-1.570795467,-1.78257E-06,-6.84067E-08,2.8334E-06,-4.91577E-07,-9.57026E-07
0.215958529,-1.570795492,-1.70787E-06,-6.54924E-08,2.75991E-06,-4.77132E-07,-9.17976E-07
0.216559513,-1.570795518,-1.63103E-06,-6.24793E-08,2.68231E-06,-4.62053E-07,-8.77849E-07
0.217163908,-1.570795545,-1.55218E-06,-5.93741E-08,2.60069E-06,-4.46359E-07,-8.36696E-07
0.217771641,-1.570795573,-1.47141E-06,-5.61838E-08,2.51516E-06,-4.30072E-07,-7.94569E-07
0.218382604,-1.570795602,-1.38883E-06,-5.29149E-08,2.42583E-06,-4.13215E-07,-7.51521E-07
0.218996656,-1.570795632,-1.30457E-06,-4.95741E-08,2.33281E-06,-3.95812E-07,-7.07606E-07
0.219613622,-1.570795663,-1.21872E-06,-4.61679E-08,2.23623E-06,-3.77885E-07,-6.62878E-07
0.220233298,-1.570795694,-1.13141E-06,-4.27027E-08,2.13622E-06,-3.59461E-07,-6.17394E-07
0.22085545,-1.570795726,-1.04274E-06,-3.91846E-08,2.03293E-06,-3.40565E-07,-5.7121E-07
0.221479817,-1.570795759,-9.52837E-07,-3.562E-08,1.9265E-06,-3.21223E-07,-5.24383E-07
0.22210611,-1.570795792,-8.61811E-07,-3.20147E-08,1.81707E-06,-3.01462E-07,-4.76971E-07
0.222734017,-1.570795826,-7.69779E-07,-2.83748E-08,1.7048E-06,-2.8131E-07,-4.29031E-07
0.2233632,-1.57079586,-6.76858E-07,-2.47061E-08,1.58987E-06,-2.60795E-07,-3.80622E-07
0.223993301,-1.570795895,-5.83164E-07,-2.10143E-08,1.47242E-06,-2.39946E-07,-3.31803E-07
0.22462394,-1.570795931,-4.88815E-07,-1.7305E-08,1.35263E-06,-2.1879E-07,-2.82634E-07
0.225254717,-1.570795966,-3.93928E-07,-1.35836E-08,1.23068E-06,-1.97359E-07,-2.33173E-07
0.225885215,-1.570796003,-2.98618E-07,-9.85543E-09,1.10674E-06,-1.75681E-07,-1.83479E-07
0.226515001,-1.570796039,-2.03002E-07,-6.12579E-09,9.80991E-07,-1.53785E-07,-1.33612E-07
0.227143626,-1.570796076,-1.07197E-07,-2.39971E-09,8.53622E-07,-1.31704E-07,-8.3632E-08
0.227770626,-1.570796112,-1.13166E-08,1.31782E-09,7.24814E-07,-1.09465E-07,-3.35969E-08
0.228395526,-1.570796149,8.45244E-08,5.02198E-09,5.94758E-07,-8.71009E-08,1.64341E-08
0.229017841,-1.570796186,1.80213E-07,8.70808E-09,4.63643E-07,-6.46411E-08,6.64026E-08
0.229637074,-1.570796223,2.75636E-07,1.23715E-08,3.31659E-07,-4.21162E-08,1.1625E-07
0.230252722,-1.57079626,3.70683E-07,1.6008E-08,1.98999E-07,-1.95566E-08,1.6592E-07
0.230864274,-1.570796297,4.65244E-07,1.9613E-08,6.58567E-08,3.00717E-09,2.15354E-07
0.231471215,-1.570796334,5.59211E-07,2.31826E-08,-6.7576E-08,2.55451E-08,2.64496E-07
0.232073023,-1.570796371,6.52477E-07,2.67126E-08,-2.01106E-07,4.8027E-08,3.13292E-07
0.232669178,-1.570796407,7.44938E-07,3.01992E-08,-3.3454E-07,7.04231E-08,3.61685E-07
0.233259156,-1.570796444,8.3649E-07,3.36386E-08,-4.67688E-07,9.2704E-08,4.09622E-07
0.233842433,-1.57079648,9.27034E-07,3.70273E-08,-6.00358E-07,1.14841E-07,4.5705E-07
0.234418768,-1.570796515,1.01643E-06,4.036E-08,-7.32309E-07,1.36795E-07,5.03895E-07
0.23498902,-1.57079655,1.10436E-06,4.36245E-08,-8.63101E-07,1.58497E-07,5.49996E-07
0.235554264,-1.570796585,1.19049E-06,4.68077E-08,-9.92268E-07,1.7987E-07,5.95181E-07
0.236115507,-1.570796619,1.27451E-06,4.98972E-08,-1.11937E-06,2.00845E-07,6.39288E-07
0.236673687,-1.570796652,1.35614E-06,5.28816E-08,-1.24399E-06,2.21353E-07,6.82166E-07
0.237229678,-1.570796685,1.43508E-06,5.57502E-08,-1.36576E-06,2.41334E-07,7.23674E-07
0.237784288,-1.570796716,1.5111E-06,5.84931E-08,-1.4843E-06,2.6073E-07,7.63681E-07
0.238338264,-1.570796746,1.58396E-06,6.11011E-08,-1.59928E-06,2.79487E-07,8.02066E-07
0.23889229,-1.570796776,1.65344E-06,6.35661E-08,-1.71039E-06,2.97555E-07,8.38718E-07
0.239446991,-1.570796804,1.71934E-06,6.58803E-08,-1.81735E-06,3.14889E-07,8.73536E-07
0.240002933,-1.570796831,1.78149E-06,6.8037E-08,-1.91989E-06,3.31447E-07,9.06427E-07
0.240560625,-1.570796856,1.83973E-06,7.00299E-08,-2.01778E-06,3.47191E-07,9.37308E-07
0.241120523,-1.570796881,1.89391E-06,7.18537E-08,-2.11079E-06,3.62088E-07,9.66104E-07
0.241683026,-1.570796904,1.94391E-06,7.35035E-08,-2.19874E-06,3.76107E-07,9.92748E-07
0.242248481,-1.570796925,1.98961E-06,7.49753E-08,-2.28145E-06,3.89221E-07,1.01718E-06
0.242817186,-1.570796945,2.03092E-06,7.62655E-08,-2.35876E-06,4.01407E-07,1.03936E-06
0.243389389,-1.570796964,2.06776E-06,7.73712E-08,-2.43055E-06,4.12643E-07,1.05924E-06
0.243965287,-1.570796981,2.10006E-06,7.82903E-08,-2.4967E-06,4.22915E-07,1.07678E-06
0.244545035,-1.570796996,2.12778E-06,7.9021E-08,-2.55712E-06,4.32207E-07,1.09197E-06
0.245128741,-1.570797011,2.15087E-06,7.95623E-08,-2.61174E-06,4.40509E-07,1.10477E-06
0.245716469,-1.570797023,2.16932E-06,7.99135E-08,-2.66049E-06,4.47814E-07,1.11519E-06
0.246308241,-1.570797034,2.18312E-06,8.00748E-08,-2.70335E-06,4.54117E-07,1.12321E-06
0.246904039,-1.570797044,2.19227E-06,8.00465E-08,-2.74029E-06,4.59415E-07,1.12883E-06
0.247503807,-1.570797051,2.19678E-06,7.98297E-08,-2.7713E-06,4.63711E-07,1.13206E-06
0.248107449,-1.570797058,2.19669E-06,7.94258E-08,-2.79639E-06,4.67007E-07,1.13293E-06
0.248714836,-1.570797063,2.19204E-06,7.88369E-08,-2.8156E-06,4.69309E-07,1.13143E-06
0.249325801,-1.570797066,2.18287E-06,7.80653E-08,-2.82896E-06,4.70626E-07,1.12761E-06
0.249940147,-1.570797068,2.16924E-06,7.71138E-08,-2.83653E-06,4.70969E-07,1.1215E-06
0.250557643,-1.570797068,2.15123E-06,7.59857E-08,-2.83837E-06,4.7035E-07,1.11312E-06
0.25117803,-1.570797067,2.12893E-06,7.46846E-08,-2.83458E-06,4.68784E-07,1.10252E-06
0.251801018,-1.570797065,2.10241E-06,7.32145E-08,-2.82524E-06,4.6629E-07,1.08976E-06
0.252426292,-1.570797061,2.07178E-06,7.15797E-08,-2.81047E-06,4.62886E-07,1.07487E-06
0.253053511,-1.570797055,2.03716E-06,6.9785E-08,-2.79037E-06,4.58593E-07,1.05791E-06
0.253682309,-1.570797049,1.99865E-06,6.78354E-08,-2.76509E-06,4.53434E-07,1.03895E-06
0.254312298,-1.570797041,1.95637E-06,6.57362E-08,-2.73476E-06,4.47435E-07,1.01804E-06
0.254943067,-1.570797032,1.91048E-06,6.34931E-08,-2.69954E-06,4.40621E-07,9.95256E-07
0.255574189,-1.570797021,1.86109E-06,6.1112E-08,-2.65958E-06,4.33021E-07,9.70667E-07
0.256205216,-1.57079701,1.80835E-06,5.85989E-08,-2.61505E-06,4.24662E-07,9.44348E-07
0.256835683,-1.570796997,1.75242E-06,5.59603E-08,-2.56612E-06,4.15577E-07,9.16374E-07
0.257465111,-1.570796983,1.69346E-06,5.32029E-08,-2.51299E-06,4.05797E-07,8.86826E-07
0.258093008,-1.570796969,1.63162E-06,5.03333E-08,-2.45585E-06,3.95355E-07,8.55787E-07
0.258718868,-1.570796953,1.56706E-06,4.73586E-08,-2.39489E-06,3.84285E-07,8.23342E-07
0.259342175,-1.570796936,1.49997E-06,4.42859E-08,-2.33032E-06,3.72623E-07,7.89578E-07
0.259962404,-1.570796919,1.43052E-06,4.11226E-08,-2.26235E-06,3.60403E-07,7.54584E-07
0.260579021,-1.5707969,1.35887E-06,3.7876E-08,-2.19119E-06,3.47664E-07,7.18452E-07
0.261191488,-1.570796881,1.28522E-06,3.45537E-08,-2.11707E-06,3.34442E-07,6.81274E-07
0.261799259,-1.570796862,1.20975E-06,3.11634E-08,-2.0402E-06,3.20776E-07,6.43145E-07
0.262401787,-1.570796841,1.13264E-06,2.77128E-08,-1.96082E-06,3.06704E-07,6.04158E-07
0.262998524,-1.57079682,1.05407E-06,2.42097E-08,-1.87916E-06,2.92266E-07,5.64411E-07
0.263588918,-1.570796799,9.7425E-07,2.06618E-08,-1.79544E-06,2.775E-07,5.23999E-07
0.264172698,-1.570796777,8.93342E-07,1.70777E-08,-1.7099E-06,2.62453E-07,4.83022E-07
0.264750672,-1.570796755,8.11488E-07,1.34683E-08,-1.62275E-06,2.47194E-07,4.41583E-07
0.265323863,-1.570796732,7.28811E-07,9.84488E-09,-1.5342E-06,2.31795E-07,3.99784E-07
0.265893227,-1.570796709,6.45433E-07,6.21792E-09,-1.44446E-06,2.16324E-07,3.57721E-07
0.266459656,-1.570796686,5.61467E-07,2.59748E-09,-1.35369E-06,2.00847E-07,3.15486E-07
0.267023979,-1.570796663,4.77028E-07,-1.00691E-09,-1.2621E-06,1.85424E-07,2.7317E-07
0.267586962,-1.57079664,3.92223E-07,-4.58625E-09,-1.16986E-06,1.70114E-07,2.30855E-07
0.26814931,-1.570796616,3.07158E-07,-8.13202E-09,-1.07714E-06,1.5497E-07,1.88622E-07
0.26871167,-1.570796593,2.21933E-07,-1.16362E-08,-9.84093E-07,1.40045E-07,1.46547E-07
0.269274632,-1.57079657,1.36648E-07,-1.50914E-08,-8.90883E-07,1.25386E-07,1.04704E-07
0.269838728,-1.570796546,5.13962E-08,-1.84904E-08,-7.97658E-07,1.11038E-07,6.31599E-08
0.270404436,-1.570796523,-3.37313E-08,-2.18267E-08,-7.04558E-07,9.7043E-08,2.19806E-08
0.270972181,-1.5707965,-1.18647E-07,-2.50941E-08,-6.1172E-07,8.34391E-08,-1.87729E-08
0.271542337,-1.570796477,-2.03266E-07,-2.82871E-08,-5.19273E-07,7.02623E-08,-5.9043E-08
0.272115225,-1.570796455,-2.87509E-07,-3.14003E-08,-4.27341E-07,5.75456E-08,-9.87756E-08
0.272691118,-1.570796433,-3.71296E-07,-3.44289E-08,-3.3604E-07,4.53187E-08,-1.3792E-07
0.273270244,-1.570796411,-4.54555E-07,-3.73686E-08,-2.45482E-07,3.36091E-08,-1.76429E-07
0.273852782,-1.570796389,-5.37213E-07,-4.02153E-08,-1.5577E-07,2.24413E-08,-2.14259E-07
0.274438866,-1.570796368,-6.19203E-07,-4.29655E-08,-6.70054E-08,1.18373E-08,-2.51368E-07
0.275028589,-1.570796347,-7.00459E-07,-4.56158E-08,2.07196E-08,1.8164E-09,-2.87719E-07
0.275622002,-1.570796326,-7.80919E-07,-4.81636E-08,1.07317E-07,-7.60437E-09,-3.23279E-07
0.276219114,-1.570796306,-8.60524E-07,-5.06063E-08,1.92703E-07,-1.64105E-08,-3.58014E-07
0.276819896,-1.570796287,-9.39219E-07,-5.29419E-08,2.76803E-07,-2.45899E-08,-3.91898E-07
0.277424281,-1.570796268,-1.01695E-06,-5.51684E-08,3.59543E-07,-3.21325E-08,-4.24903E-07
0.278032167,-1.570796249,-1.09367E-06,-5.72846E-08,4.40857E-07,-3.90307E-08,-4.57008E-07
0.278643417,-1.570796231,-1.16932E-06,-5.92892E-08,5.20684E-07,-4.5279E-08,-4.88191E-07
0.279257861,-1.570796213,-1.24387E-06,-6.11816E-08,5.98966E-07,-5.08737E-08,-5.18437E-07
0.279875297,-1.570796196,-1.31727E-06,-6.29612E-08,6.75652E-07,-5.58136E-08,-5.47728E-07
0.280495492,-1.570796179,-1.38948E-06,-6.46278E-08,7.50695E-07,-6.00989E-08,-5.76055E-07
0.281118186,-1.570796163,-1.46047E-06,-6.61815E-08,8.24051E-07,-6.37319E-08,-6.03405E-07
0.28174309,-1.570796148,-1.53019E-06,-6.76227E-08,8.95682E-07,-6.67168E-08,-6.29772E-07
0.28236989,-1.570796133,-1.59863E-06,-6.8952E-08,9.65556E-07,-6.90594E-08,-6.5515E-07
0.282998248,-1.570796118,-1.66574E-06,-7.01703E-08,1.03364E-06,-7.07671E-08,-6.79537E-07
0.283627801,-1.570796104,-1.73151E-06,-7.12788E-08,1.09991E-06,-7.1849E-08,-7.02931E-07
0.284258166,-1.570796091,-1.79591E-06,-7.22788E-08,1.16435E-06,-7.23157E-08,-7.25333E-07
0.28488894,-1.570796078,-1.85892E-06,-7.31719E-08,1.22693E-06,-7.21791E-08,-7.46747E-07
0.285519701,-1.570796066,-1.92051E-06,-7.39599E-08,1.28765E-06,-7.14528E-08,-7.67177E-07
0.286150008,-1.570796054,-1.98067E-06,-7.46449E-08,1.34649E-06,-7.01513E-08,-7.8663E-07
0.286779407,-1.570796043,-2.03938E-06,-7.5229E-08,1.40345E-06,-6.82907E-08,-8.05116E-07
0.287407428,-1.570796032,-2.09664E-06,-7.57146E-08,1.45852E-06,-6.58881E-08,-8.22643E-07
0.288033588,-1.570796022,-2.15242E-06,-7.61044E-08,1.51171E-06,-6.29617E-08,-8.39225E-07
0.288657393,-1.570796013,-2.20673E-06,-7.6401E-08,1.56301E-06,-5.95309E-08,-8.54875E-07
0.289278338,-1.570796003,-2.25955E-06,-7.66073E-08,1.61244E-06,-5.56158E-08,-8.69607E-07
0.289895912,-1.570795995,-2.31088E-06,-7.67265E-08,1.66E-06,-5.12377E-08,-8.83439E-07
0.290509593,-1.570795987,-2.36072E-06,-7.67616E-08,1.70571E-06,-4.64185E-08,-8.96388E-07
0.291118856,-1.570795979,-2.40906E-06,-7.67159E-08,1.74957E-06,-4.11809E-08,-9.08472E-07
0.291723171,-1.570795972,-2.4559E-06,-7.65929E-08,1.79162E-06,-3.55484E-08,-9.19713E-07
0.292322004,-1.570795966,-2.50126E-06,-7.63961E-08,1.83187E-06,-2.95451E-08,-9.30132E-07
0.292914823,-1.57079596,-2.54513E-06,-7.61291E-08,1.87034E-06,-2.31955E-08,-9.3975E-07
0.293501091,-1.570795954,-2.58751E-06,-7.57956E-08,1.90706E-06,-1.65249E-08,-9.48592E-07
