0,0,0,0,0,0,0
0.000128295,-1.18599E-08,1.9401E-09,1.31406E-08,-2.76042E-08,3.67595E-08,8.35645E-09
0.00050286,-4.64857E-08,7.60826E-09,5.15072E-08,-1.082E-07,1.44079E-07,3.26641E-08
0.00110846,-1.02469E-07,1.67684E-08,1.13537E-07,-2.38504E-07,3.17597E-07,7.20598E-08
0.001930172,-1.7843E-07,2.91931E-08,1.977E-07,-4.15304E-07,5.53037E-07,1.25614E-07
0.002953388,-2.73018E-07,4.46651E-08,3.02503E-07,-6.35461E-07,8.46212E-07,1.92289E-07
0.004163815,-3.84913E-07,6.2969E-08,4.2648E-07,-8.95898E-07,1.19303E-06,2.7114E-07
0.005547472,-5.12822E-07,8.38925E-08,5.68202E-07,-1.19361E-06,1.58948E-06,3.61272E-07
0.007090694,-6.55481E-07,1.07229E-07,7.26266E-07,-1.52565E-06,2.03165E-06,4.61802E-07
0.008780129,-8.11656E-07,1.32776E-07,8.99305E-07,-1.88915E-06,2.51571E-06,5.71862E-07
0.01060274,-9.80142E-07,1.60337E-07,1.08599E-06,-2.28131E-06,3.03793E-06,6.90598E-07
0.012545803,-1.15976E-06,1.8972E-07,1.285E-06,-2.69938E-06,3.59466E-06,8.17179E-07
0.014596909,-1.34937E-06,2.20737E-07,1.49509E-06,-3.1407E-06,4.18235E-06,9.50794E-07
0.016743964,-1.54785E-06,2.53204E-07,1.715E-06,-3.60267E-06,4.79753E-06,1.09066E-06
0.018975186,-1.75411E-06,2.86945E-07,1.94353E-06,-4.08274E-06,5.43683E-06,1.236E-06
0.021279109,-1.96709E-06,3.21784E-07,2.17951E-06,-4.57846E-06,6.09696E-06,1.38609E-06
0.02364458,-2.18576E-06,3.57555E-07,2.4218E-06,-5.08742E-06,6.77472E-06,1.54018E-06
0.02606076,-2.40912E-06,3.94092E-07,2.66927E-06,-5.60729E-06,7.46701E-06,1.69758E-06
0.028517127,-2.63619E-06,4.31237E-07,2.92087E-06,-6.1358E-06,8.17081E-06,1.85759E-06
0.031003469,-2.86603E-06,4.68835E-07,3.17553E-06,-6.67077E-06,8.88321E-06,2.01955E-06
0.033509891,-3.09773E-06,5.06737E-07,3.43225E-06,-7.21006E-06,9.60135E-06,2.18283E-06
0.036026811,-3.3304E-06,5.44798E-07,3.69005E-06,-7.7516E-06,1.03225E-05,2.34678E-06
0.038544962,-3.56319E-06,5.82877E-07,3.94797E-06,-8.29341E-06,1.1044E-05,2.51082E-06
0.041055389,-3.79526E-06,6.2084E-07,4.2051E-06,-8.83356E-06,1.17633E-05,2.67435E-06
0.043549454,-4.02582E-06,6.58555E-07,4.46056E-06,-9.37019E-06,1.24779E-05,2.83682E-06
0.046018832,-4.25409E-06,6.95897E-07,4.71348E-06,-9.90151E-06,1.31854E-05,2.99768E-06
0.048455512,-4.47934E-06,7.32744E-07,4.96306E-06,-1.04258E-05,1.38836E-05,3.15641E-06
0.050851796,-4.70086E-06,7.68981E-07,5.2085E-06,-1.09414E-05,1.45702E-05,3.3125E-06
0.053200303,-4.91796E-06,8.04495E-07,5.44905E-06,-1.14467E-05,1.52431E-05,3.46549E-06
0.055493963,-5.12999E-06,8.3918E-07,5.68398E-06,-1.19402E-05,1.59003E-05,3.6149E-06
0.057726023,-5.33633E-06,8.72933E-07,5.9126E-06,-1.24204E-05,1.65398E-05,3.7603E-06
0.059890042,-5.53638E-06,9.05657E-07,6.13425E-06,-1.28861E-05,1.71599E-05,3.90127E-06
0.061979894,-5.72957E-06,9.3726E-07,6.3483E-06,-1.33357E-05,1.77587E-05,4.0374E-06
0.063989767,-5.91537E-06,9.67653E-07,6.55416E-06,-1.37682E-05,1.83345E-05,4.16832E-06
0.065914164,-6.09326E-06,9.96754E-07,6.75127E-06,-1.41822E-05,1.88859E-05,4.29368E-06
0.067747902,-6.26278E-06,1.02448E-06,6.93909E-06,-1.45768E-05,1.94113E-05,4.41313E-06
0.069486109,-6.42346E-06,1.05077E-06,7.11713E-06,-1.49508E-05,1.99094E-05,4.52636E-06
0.071124232,-6.57489E-06,1.07554E-06,7.28491E-06,-1.53032E-05,2.03787E-05,4.63307E-06
0.07265803,-6.71668E-06,1.09874E-06,7.44201E-06,-1.56333E-05,2.08182E-05,4.73298E-06
0.074083575,-6.84846E-06,1.12029E-06,7.58802E-06,-1.594E-05,2.12266E-05,4.82584E-06
0.075397254,-6.9699E-06,1.14016E-06,7.72258E-06,-1.62226E-05,2.1603E-05,4.91141E-06
0.076595769,-7.0807E-06,1.15828E-06,7.84533E-06,-1.64805E-05,2.19464E-05,4.98949E-06
0.077676136,-7.18057E-06,1.17462E-06,7.95599E-06,-1.6713E-05,2.2256E-05,5.05986E-06
0.078635684,-7.26927E-06,1.18913E-06,8.05427E-06,-1.69194E-05,2.25309E-05,5.12237E-06
0.079472057,-7.34659E-06,1.20178E-06,8.13994E-06,-1.70994E-05,2.27706E-05,5.17685E-06
0.080183212,-7.41233E-06,1.21253E-06,8.21278E-06,-1.72524E-05,2.29743E-05,5.22318E-06
0.080767423,-7.46633E-06,1.22137E-06,8.27262E-06,-1.73781E-05,2.31417E-05,5.26123E-06
0.081223276,-7.50847E-06,1.22826E-06,8.31931E-06,-1.74762E-05,2.32723E-05,5.29093E-06
0.08154967,-7.53865E-06,1.2332E-06,8.35274E-06,-1.75464E-05,2.33658E-05,5.31219E-06
0.081745821,-7.55678E-06,1.23616E-06,8.37283E-06,-1.75886E-05,2.3422E-05,5.32497E-06
0.081811256,-7.56283E-06,1.23715E-06,8.37954E-06,-1.76027E-05,2.34408E-05,5.32923E-06
0.081794893,-7.54547E-06,1.2301E-06,8.3602E-06,-1.75557E-05,2.33842E-05,5.31393E-06
0.081745819,-7.49466E-06,1.2095E-06,8.30364E-06,-1.74184E-05,2.32186E-05,5.26917E-06
0.081664061,-7.41229E-06,1.17616E-06,8.21193E-06,-1.71958E-05,2.29501E-05,5.19664E-06
0.081549668,-7.30021E-06,1.13086E-06,8.08714E-06,-1.6893E-05,2.25849E-05,5.098E-06
0.08140271,-7.16023E-06,1.07439E-06,7.93129E-06,-1.6515E-05,2.21288E-05,4.97488E-06
0.081223275,-6.99411E-06,1.0075E-06,7.74635E-06,-1.60666E-05,2.15877E-05,4.82887E-06
0.081011469,-6.80361E-06,9.30943E-07,7.53425E-06,-1.55527E-05,2.09672E-05,4.66153E-06
0.080767422,-6.59041E-06,8.45435E-07,7.2969E-06,-1.49777E-05,2.02728E-05,4.47439E-06
0.080491281,-6.35619E-06,7.51689E-07,7.03614E-06,-1.43464E-05,1.95102E-05,4.26892E-06
0.080183212,-6.10256E-06,6.504E-07,6.75378E-06,-1.36631E-05,1.86845E-05,4.0466E-06
0.079843401,-5.83112E-06,5.42245E-07,6.4516E-06,-1.29322E-05,1.7801E-05,3.80885E-06
0.079472056,-5.54341E-06,4.27885E-07,6.13132E-06,-1.2158E-05,1.68647E-05,3.55705E-06
0.079069401,-5.24096E-06,3.07964E-07,5.79463E-06,-1.13445E-05,1.58807E-05,3.29256E-06
0.078635683,-4.92524E-06,1.83111E-07,5.44318E-06,-1.04959E-05,1.48537E-05,3.01671E-06
0.078171166,-4.59769E-06,5.39381E-08,5.07857E-06,-9.61602E-06,1.37884E-05,2.73079E-06
0.077676135,-4.25972E-06,-7.89593E-08,4.70237E-06,-8.70875E-06,1.26895E-05,2.43605E-06
0.077150895,-3.91269E-06,-2.15002E-07,4.31609E-06,-7.77781E-06,1.15614E-05,2.13371E-06
0.076595769,-3.55794E-06,-3.53627E-07,3.92122E-06,-6.82683E-06,1.04086E-05,1.82497E-06
0.076011101,-3.19675E-06,-4.94288E-07,3.5192E-06,-5.85935E-06,9.23507E-06,1.51098E-06
0.075397254,-2.83038E-06,-6.36455E-07,3.11143E-06,-4.87879E-06,8.04511E-06,1.19286E-06
0.074754611,-2.46005E-06,-7.79614E-07,2.69927E-06,-3.88849E-06,6.84264E-06,8.71697E-07
0.074083574,-2.08695E-06,-9.23267E-07,2.28402E-06,-2.89166E-06,5.63154E-06,5.48549E-07
0.073384567,-1.71222E-06,-1.06693E-06,1.86698E-06,-1.89142E-06,4.41556E-06,2.24435E-07
0.07265803,-1.33696E-06,-1.21015E-06,1.44937E-06,-8.90806E-07,3.1983E-06,-9.96557E-08
0.071904424,-9.62249E-07,-1.35247E-06,1.03238E-06,1.0728E-07,1.98328E-06,-4.2277E-07
0.071124232,-5.8912E-07,-1.49345E-06,6.17166E-07,1.10002E-06,7.73868E-07,-7.43988E-07
0.070317954,-2.18569E-07,-1.63269E-06,2.04841E-07,2.08469E-06,-4.26673E-07,-1.06242E-06
0.069486109,1.48443E-07,-1.76978E-06,-2.03528E-07,3.0587E-06,-1.61521E-06,-1.37722E-06
0.068629238,5.10993E-07,-1.90434E-06,-6.06914E-07,4.01952E-06,-2.78872E-06,-1.68756E-06
0.067747901,8.68195E-07,-2.03601E-06,-1.00433E-06,4.96475E-06,-3.94433E-06,-1.99266E-06
0.066842677,1.2192E-06,-2.16443E-06,-1.39483E-06,5.89209E-06,-5.07924E-06,-2.29177E-06
0.065914164,1.5632E-06,-2.28927E-06,-1.77751E-06,6.79933E-06,-6.19083E-06,-2.58416E-06
0.064962982,1.89941E-06,-2.41021E-06,-2.1515E-06,7.68437E-06,-7.27655E-06,-2.86916E-06
0.063989767,2.2271E-06,-2.52695E-06,-2.51599E-06,8.54522E-06,-8.33399E-06,-3.1461E-06
0.062995179,2.54556E-06,-2.63921E-06,-2.87019E-06,9.37998E-06,-9.36089E-06,-3.41438E-06
0.061979894,2.85414E-06,-2.74672E-06,-3.21337E-06,1.01869E-05,-1.03551E-05,-3.6734E-06
0.060944609,3.15221E-06,-2.84923E-06,-3.54483E-06,1.09641E-05,-1.13145E-05,-3.92262E-06
0.059890041,3.43917E-06,-2.94649E-06,-3.8639E-06,1.17103E-05,-1.22372E-05,-4.16152E-06
0.058816927,3.71447E-06,-3.0383E-06,-4.16998E-06,1.24237E-05,-1.31214E-05,-4.38961E-06
0.057726023,3.97759E-06,-3.12445E-06,-4.46248E-06,1.31032E-05,-1.39655E-05,-4.60645E-06
0.056618103,4.22807E-06,-3.20474E-06,-4.74088E-06,1.37473E-05,-1.47679E-05,-4.81162E-06
0.055493963,4.46544E-06,-3.27902E-06,-5.00469E-06,1.43549E-05,-1.55271E-05,-5.00474E-06
0.054354418,4.68932E-06,-3.34713E-06,-5.25345E-06,1.49249E-05,-1.62418E-05,-5.18545E-06
0.053200302,4.89933E-06,-3.40892E-06,-5.48675E-06,1.54564E-05,-1.69109E-05,-5.35344E-06
0.05203247,5.09513E-06,-3.46428E-06,-5.70422E-06,1.59484E-05,-1.75332E-05,-5.50843E-06
0.050851796,5.27645E-06,-3.51311E-06,-5.90554E-06,1.64002E-05,-1.81079E-05,-5.65017E-06
0.049659172,5.44301E-06,-3.55532E-06,-6.09043E-06,1.68111E-05,-1.8634E-05,-5.77844E-06
0.048455511,5.5946E-06,-3.59082E-06,-6.25863E-06,1.71806E-05,-1.91109E-05,-5.89307E-06
0.047241747,5.73103E-06,-3.61958E-06,-6.40994E-06,1.75081E-05,-1.95381E-05,-5.9939E-06
0.046018832,5.85216E-06,-3.64154E-06,-6.5442E-06,1.77934E-05,-1.99149E-05,-6.08083E-06
0.044893079,5.95878E-06,-3.65732E-06,-6.65839E-06,1.80273E-05,-2.02364E-05,-6.16369E-06
0.043962738,6.05205E-06,-3.6677E-06,-6.75025E-06,1.82025E-05,-2.04993E-05,-6.25198E-06
0.043216853,6.13246E-06,-3.67288E-06,-6.82077E-06,1.83219E-05,-2.07061E-05,-6.34506E-06
0.042644689,6.20047E-06,-3.67307E-06,-6.87093E-06,1.83881E-05,-2.08592E-05,-6.44232E-06
0.042235734,6.25655E-06,-3.66849E-06,-6.90167E-06,1.84037E-05,-2.09611E-05,-6.54315E-06
0.041979698,6.30114E-06,-3.65932E-06,-6.91394E-06,1.83713E-05,-2.10141E-05,-6.64698E-06
0.041866512,6.33469E-06,-3.64578E-06,-6.90867E-06,1.82933E-05,-2.10205E-05,-6.75324E-06
0.041886331,6.35765E-06,-3.62804E-06,-6.88675E-06,1.81723E-05,-2.09827E-05,-6.86136E-06
0.042029529,6.37044E-06,-3.60632E-06,-6.84907E-06,1.80106E-05,-2.09029E-05,-6.97082E-06
0.042286706,6.37349E-06,-3.58079E-06,-6.79651E-06,1.78107E-05,-2.07832E-05,-7.0811E-06
0.042648681,6.36721E-06,-3.55164E-06,-6.72991E-06,1.75748E-05,-2.06259E-05,-7.19167E-06
0.043106496,6.35203E-06,-3.51906E-06,-6.65012E-06,1.73052E-05,-2.0433E-05,-7.30206E-06
0.043651416,6.32835E-06,-3.48322E-06,-6.55795E-06,1.70041E-05,-2.02066E-05,-7.41179E-06
0.044274928,6.29656E-06,-3.4443E-06,-6.4542E-06,1.66737E-05,-1.99488E-05,-7.5204E-06
0.04496874,6.25705E-06,-3.40247E-06,-6.33965E-06,1.63162E-05,-1.96615E-05,-7.62744E-06
0.045724783,6.21021E-06,-3.35791E-06,-6.21508E-06,1.59336E-05,-1.93467E-05,-7.73249E-06
0.04653521,6.15642E-06,-3.31077E-06,-6.08123E-06,1.5528E-05,-1.90063E-05,-7.83512E-06
0.047392395,6.09604E-06,-3.26122E-06,-5.93884E-06,1.51013E-05,-1.86421E-05,-7.93495E-06
0.048288936,6.02945E-06,-3.20943E-06,-5.78862E-06,1.46554E-05,-1.8256E-05,-8.03159E-06
0.049217652,5.95699E-06,-3.15554E-06,-5.63126E-06,1.41923E-05,-1.78497E-05,-8.12467E-06
0.050171585,5.87901E-06,-3.09971E-06,-5.46746E-06,1.37138E-05,-1.7425E-05,-8.21384E-06
0.051143997,5.79587E-06,-3.0421E-06,-5.29786E-06,1.32217E-05,-1.69836E-05,-8.29876E-06
0.052128375,5.70788E-06,-2.98285E-06,-5.12312E-06,1.27177E-05,-1.65271E-05,-8.37912E-06
0.053118426,5.61539E-06,-2.92209E-06,-4.94387E-06,1.22036E-05,-1.60571E-05,-8.45461E-06
0.05410808,5.51872E-06,-2.85998E-06,-4.76071E-06,1.16809E-05,-1.55753E-05,-8.52493E-06
0.055091488,5.41817E-06,-2.79665E-06,-4.57424E-06,1.11513E-05,-1.5083E-05,-8.58982E-06
0.056063026,5.31406E-06,-2.73224E-06,-4.38505E-06,1.06163E-05,-1.45818E-05,-8.64901E-06
0.057017288,5.20668E-06,-2.66686E-06,-4.19368E-06,1.00774E-05,-1.40732E-05,-8.70227E-06
0.057949094,5.09634E-06,-2.60067E-06,-4.00067E-06,9.53605E-06,-1.35586E-05,-8.74936E-06
0.058853484,4.98332E-06,-2.53376E-06,-3.80657E-06,8.99371E-06,-1.30392E-05,-8.79007E-06
0.05972572,4.8679E-06,-2.46628E-06,-3.61187E-06,8.45172E-06,-1.25164E-05,-8.82421E-06
0.060561287,4.75035E-06,-2.39833E-06,-3.41706E-06,7.91136E-06,-1.19916E-05,-8.8516E-06
0.061355891,4.63094E-06,-2.33003E-06,-3.22261E-06,7.37392E-06,-1.14658E-05,-8.87206E-06
0.062105462,4.50993E-06,-2.2615E-06,-3.02899E-06,6.8406E-06,-1.09403E-05,-8.88545E-06
0.06280615,4.38757E-06,-2.19283E-06,-2.83663E-06,6.31257E-06,-1.04163E-05,-8.89163E-06
0.063454329,4.26411E-06,-2.12414E-06,-2.64595E-06,5.79095E-06,-9.89485E-06,-8.89049E-06
0.064046594,4.13978E-06,-2.05553E-06,-2.45736E-06,5.2768E-06,-9.37699E-06,-8.88192E-06
0.064579761,4.01482E-06,-1.98709E-06,-2.27125E-06,4.77115E-06,-8.86376E-06,-8.86583E-06
0.065050872,3.88945E-06,-1.91892E-06,-2.08797E-06,4.27496E-06,-8.35613E-06,-8.84215E-06
0.065457186,3.76389E-06,-1.85111E-06,-1.9079E-06,3.78917E-06,-7.85504E-06,-8.81082E-06
0.065796189,3.63835E-06,-1.78375E-06,-1.73135E-06,3.31466E-06,-7.36138E-06,-8.7718E-06
0.066065585,3.51304E-06,-1.71694E-06,-1.55866E-06,2.85224E-06,-6.876E-06,-8.72506E-06
0.066263302,3.38815E-06,-1.65074E-06,-1.39011E-06,2.4027E-06,-6.39972E-06,-8.6706E-06
0.066387491,3.26388E-06,-1.58523E-06,-1.226E-06,1.96678E-06,-5.93328E-06,-8.60842E-06
0.066436524,3.14039E-06,-1.52051E-06,-1.06659E-06,1.54515E-06,-5.47743E-06,-8.53854E-06
0.066408995,3.01788E-06,-1.45662E-06,-9.12121E-07,1.13846E-06,-5.03284E-06,-8.46098E-06
0.066303721,2.89652E-06,-1.39366E-06,-7.62836E-07,7.47298E-07,-4.60015E-06,-8.37582E-06
0.06611974,2.77645E-06,-1.33167E-06,-6.18946E-07,3.72195E-07,-4.17996E-06,-8.2831E-06
0.065856312,2.65785E-06,-1.27074E-06,-4.80647E-07,1.36474E-08,-3.77283E-06,-8.18292E-06
0.06551292,2.54085E-06,-1.2109E-06,-3.48119E-07,-3.279E-07,-3.37926E-06,-8.07537E-06
0.065158915,2.42535E-06,-1.14546E-06,-2.26332E-07,-6.51027E-07,-3.00399E-06,-7.94451E-06
0.064860922,2.31118E-06,-1.06823E-06,-1.19665E-07,-9.54967E-07,-2.65094E-06,-7.77591E-06
0.064614584,2.19841E-06,-9.80007E-07,-2.74127E-08,-1.24029E-06,-2.31937E-06,-7.57191E-06
0.064415644,2.08711E-06,-8.81586E-07,5.11172E-08,-1.50755E-06,-2.00853E-06,-7.3348E-06
0.064259948,1.97734E-06,-7.73744E-07,1.16605E-07,-1.7573E-06,-1.7177E-06,-7.06684E-06
0.064143441,1.86916E-06,-6.57238E-07,1.69717E-07,-1.99009E-06,-1.44618E-06,-6.77022E-06
0.06406217,1.76264E-06,-5.32808E-07,2.11108E-07,-2.20646E-06,-1.19326E-06,-6.44709E-06
0.064012286,1.65782E-06,-4.0118E-07,2.41417E-07,-2.40693E-06,-9.58242E-07,-6.09956E-06
0.063990036,1.55478E-06,-2.63059E-07,2.61273E-07,-2.59203E-06,-7.40462E-07,-5.72969E-06
0.063991774,1.45356E-06,-1.19134E-07,2.7129E-07,-2.76227E-06,-5.39248E-07,-5.33947E-06
0.064013951,1.35421E-06,2.99212E-08,2.72069E-07,-2.91815E-06,-3.53946E-07,-4.93089E-06
0.064053122,1.25678E-06,1.83452E-07,2.642E-07,-3.06019E-06,-1.83913E-07,-4.50584E-06
0.064105941,1.16132E-06,3.4082E-07,2.48258E-07,-3.18887E-06,-2.85158E-08,-4.06619E-06
0.064169166,1.06787E-06,5.01405E-07,2.24805E-07,-3.30467E-06,1.12865E-07,-3.61377E-06
0.064239655,9.76484E-07,6.64603E-07,1.94391E-07,-3.40808E-06,2.4084E-07,-3.15034E-06
0.064314366,8.8719E-07,8.29826E-07,1.57552E-07,-3.49956E-06,3.56006E-07,-2.67762E-06
0.06439036,8.00028E-07,9.96505E-07,1.14811E-07,-3.57958E-06,4.5895E-07,-2.1973E-06
0.064464799,7.15036E-07,1.16409E-06,6.66784E-08,-3.64858E-06,5.50247E-07,-1.71099E-06
0.064534947,6.32246E-07,1.33204E-06,1.36518E-08,-3.70703E-06,6.30459E-07,-1.22027E-06
0.064598168,5.5169E-07,1.49984E-06,-4.37847E-08,-3.75535E-06,7.0014E-07,-7.26688E-07
0.064651928,4.73397E-07,1.66699E-06,-1.0516E-07,-3.79398E-06,7.59829E-07,-2.31717E-07
0.064693793,3.97393E-07,1.833E-06,-1.70016E-07,-3.82335E-06,8.10055E-07,2.63204E-07
0.064721433,3.23702E-07,1.99742E-06,-2.37907E-07,-3.84387E-06,8.51337E-07,7.56687E-07
0.064732617,2.52348E-07,2.15978E-06,-3.08402E-07,-3.85595E-06,8.84181E-07,1.24739E-06
0.064725217,1.8335E-07,2.31965E-06,-3.81081E-07,-3.85999E-06,9.09081E-07,1.73402E-06
0.064697205,1.16726E-07,2.47662E-06,-4.55539E-07,-3.8564E-06,9.2652E-07,2.21533E-06
0.064646654,5.24911E-08,2.6303E-06,-5.31382E-07,-3.84555E-06,9.36971E-07,2.69012E-06
0.06457174,-9.3411E-09,2.7803E-06,-6.0823E-07,-3.82783E-06,9.40893E-07,3.15724E-06
0.064470739,-6.87596E-08,2.92625E-06,-6.85717E-07,-3.8036E-06,9.38736E-07,3.61559E-06
0.064342028,-1.25755E-07,3.06781E-06,-7.63489E-07,-3.77324E-06,9.30937E-07,4.06411E-06
0.064184088,-1.80322E-07,3.20465E-06,-8.41204E-07,-3.7371E-06,9.17922E-07,4.5018E-06
0.063995498,-2.32455E-07,3.33645E-06,-9.18535E-07,-3.69553E-06,9.00106E-07,4.9277E-06
0.06377494,-2.82153E-07,3.46293E-06,-9.95168E-07,-3.64888E-06,8.77892E-07,5.34089E-06
0.063521196,-3.29415E-07,3.58379E-06,-1.0708E-06,-3.59747E-06,8.51672E-07,5.74051E-06
0.063233152,-3.74244E-07,3.69879E-06,-1.14514E-06,-3.54164E-06,8.21825E-07,6.12574E-06
0.062909793,-4.16644E-07,3.80767E-06,-1.21792E-06,-3.4817E-06,7.88722E-07,6.49581E-06
0.062550206,-4.56622E-07,3.91021E-06,-1.28887E-06,-3.41798E-06,7.52719E-07,6.85001E-06
0.062153578,-4.94187E-07,4.0062E-06,-1.35775E-06,-3.35076E-06,7.14162E-07,7.18765E-06
0.0617192,-5.29351E-07,4.09545E-06,-1.42431E-06,-3.28035E-06,6.73387E-07,7.50812E-06
0.061246463,-5.62126E-07,4.17777E-06,-1.48833E-06,-3.20705E-06,6.30714E-07,7.81082E-06
0.060734859,-5.9253E-07,4.25301E-06,-1.54961E-06,-3.13112E-06,5.86458E-07,8.09524E-06
0.06018398,-6.20579E-07,4.32104E-06,-1.60794E-06,-3.05286E-06,5.40916E-07,8.36089E-06
0.059593523,-6.46294E-07,4.38171E-06,-1.66315E-06,-2.97251E-06,4.94378E-07,8.60734E-06
0.058963284,-6.69697E-07,4.43494E-06,-1.71505E-06,-2.89036E-06,4.47121E-07,8.83419E-06
0.058293159,-6.90814E-07,4.48062E-06,-1.76349E-06,-2.80664E-06,3.99411E-07,9.0411E-06
0.057583147,-7.0967E-07,4.51869E-06,-1.80833E-06,-2.72161E-06,3.51503E-07,9.22779E-06
0.05683335,-7.26295E-07,4.54909E-06,-1.84943E-06,-2.63549E-06,3.03638E-07,9.39401E-06
0.056043967,-7.40721E-07,4.57178E-06,-1.88668E-06,-2.54852E-06,2.56049E-07,9.53956E-06
0.055215303,-7.52981E-07,4.58673E-06,-1.91996E-06,-2.46093E-06,2.08956E-07,9.66429E-06
0.054347761,-7.63111E-07,4.59394E-06,-1.94919E-06,-2.37292E-06,1.62569E-07,9.7681E-06
0.053532516,-7.81145E-07,4.61686E-06,-1.97064E-06,-2.30635E-06,1.22992E-07,9.85812E-06
0.052854863,-8.16349E-07,4.67725E-06,-1.98105E-06,-2.28125E-06,9.57373E-08,9.94149E-06
0.052306594,-8.67626E-07,4.77268E-06,-1.981E-06,-2.29517E-06,8.01218E-08,1.00182E-05
0.051879673,-9.33901E-07,4.90078E-06,-1.97106E-06,-2.3457E-06,7.54776E-08,1.00883E-05
0.051566236,-1.01412E-06,5.05919E-06,-1.9518E-06,-2.43046E-06,8.115E-08,1.01518E-05
0.051358591,-1.10726E-06,5.24565E-06,-1.92376E-06,-2.54716E-06,9.64977E-08,1.02087E-05
0.051249215,-1.21231E-06,5.45791E-06,-1.8875E-06,-2.69353E-06,1.20893E-07,1.02589E-05
0.051230759,-1.32829E-06,5.6938E-06,-1.84354E-06,-2.86735E-06,1.53722E-07,1.03026E-05
0.051296047,-1.45424E-06,5.9512E-06,-1.7924E-06,-3.06648E-06,1.94383E-07,1.03398E-05
0.051438071,-1.58922E-06,6.22801E-06,-1.73458E-06,-3.2888E-06,2.4229E-07,1.03704E-05
0.051649997,-1.73232E-06,6.52223E-06,-1.67059E-06,-3.53224E-06,2.96869E-07,1.03945E-05
0.051925164,-1.88264E-06,6.83187E-06,-1.6009E-06,-3.79481E-06,3.57559E-07,1.04121E-05
0.052257079,-2.03932E-06,7.15501E-06,-1.52599E-06,-4.07453E-06,4.23815E-07,1.04233E-05
0.052639425,-2.20152E-06,7.48978E-06,-1.44633E-06,-4.3695E-06,4.95104E-07,1.04281E-05
0.053066052,-2.3684E-06,7.83436E-06,-1.36235E-06,-4.67787E-06,5.70906E-07,1.04266E-05
0.053530987,-2.53918E-06,8.18699E-06,-1.27451E-06,-4.99782E-06,6.50715E-07,1.04187E-05
0.054028424,-2.71307E-06,8.54593E-06,-1.18323E-06,-5.32759E-06,7.34039E-07,1.04046E-05
0.054552732,-2.88932E-06,8.90954E-06,-1.08892E-06,-5.66548E-06,8.20399E-07,1.03844E-05
0.05509845,-3.0672E-06,9.27619E-06,-9.92004E-07,-6.00983E-06,9.0933E-07,1.03579E-05
0.055660288,-3.246E-06,9.64433E-06,-8.92861E-07,-6.35903E-06,1.00038E-06,1.03254E-05
0.056233131,-3.42504E-06,1.00124E-05,-7.91879E-07,-6.71152E-06,1.09311E-06,1.02869E-05
0.056812032,-3.60366E-06,1.0379E-05,-6.8943E-07,-7.0658E-06,1.1871E-06,1.02425E-05
0.057392218,-3.78121E-06,1.07428E-05,-5.85875E-07,-7.4204E-06,1.28193E-06,1.01922E-05
0.057969086,-3.95708E-06,1.11022E-05,-4.81563E-07,-7.77393E-06,1.37721E-06,1.01361E-05
0.058538207,-4.13068E-06,1.14561E-05,-3.76832E-07,-8.12503E-06,1.47255E-06,1.00742E-05
0.059095321,-4.30144E-06,1.18032E-05,-2.7201E-07,-8.47239E-06,1.56758E-06,1.00068E-05
0.059636343,-4.46881E-06,1.21423E-05,-1.67411E-07,-8.81475E-06,1.66195E-06,9.93374E-06
0.060157356,-4.63226E-06,1.24722E-05,-6.33408E-08,-9.15091E-06,1.75531E-06,9.85527E-06
0.060654617,-4.7913E-06,1.27918E-05,3.99082E-08,-9.47972E-06,1.84733E-06,9.77144E-06
0.061124555,-4.94545E-06,1.31002E-05,1.42054E-07,-9.80006E-06,1.9377E-06,9.68234E-06
0.06156377,-5.09424E-06,1.33962E-05,2.42826E-07,-1.01109E-05,2.02611E-06,9.58807E-06
0.061969033,-5.23725E-06,1.36789E-05,3.41965E-07,-1.04112E-05,2.11227E-06,9.48874E-06
0.062337287,-5.37408E-06,1.39475E-05,4.39222E-07,-1.07E-05,2.19591E-06,9.38446E-06
0.062665648,-5.50432E-06,1.42011E-05,5.34362E-07,-1.09765E-05,2.27676E-06,9.27533E-06
0.062951403,-5.62762E-06,1.44389E-05,6.27157E-07,-1.12397E-05,2.35458E-06,9.16148E-06
0.063192009,-5.74364E-06,1.46602E-05,7.17395E-07,-1.14889E-05,2.42913E-06,9.04301E-06
0.063385098,-5.85205E-06,1.48642E-05,8.04872E-07,-1.17233E-05,2.50018E-06,8.92005E-06
0.063528472,-5.95257E-06,1.50504E-05,8.89396E-07,-1.19422E-05,2.56754E-06,8.79273E-06
0.063620103,-6.04492E-06,1.52182E-05,9.70788E-07,-1.2145E-05,2.631E-06,8.66118E-06
0.063658138,-6.12886E-06,1.5367E-05,1.04888E-06,-1.2331E-05,2.69039E-06,8.52552E-06
0.063640893,-6.20415E-06,1.54964E-05,1.1235E-06,-1.24997E-05,2.74553E-06,8.3859E-06
0.063566857,-6.2706E-06,1.56058E-05,1.19453E-06,-1.26506E-05,2.79627E-06,8.24245E-06
0.063434691,-6.32802E-06,1.5695E-05,1.2618E-06,-1.27833E-05,2.84248E-06,8.09531E-06
0.063243227,-6.37625E-06,1.57636E-05,1.32522E-06,-1.28973E-05,2.88402E-06,7.94464E-06
0.062991469,-6.41517E-06,1.58113E-05,1.38465E-06,-1.29923E-05,2.92078E-06,7.79058E-06
0.062678593,-6.44465E-06,1.58379E-05,1.44E-06,-1.3068E-05,2.95266E-06,7.63329E-06
0.062303946,-6.46462E-06,1.58433E-05,1.49118E-06,-1.31241E-05,2.97958E-06,7.47292E-06
0.061867047,-6.475E-06,1.58272E-05,1.53811E-06,-1.31605E-05,3.00146E-06,7.30963E-06
0.061367586,-6.47576E-06,1.57897E-05,1.58072E-06,-1.3177E-05,3.01824E-06,7.1436E-06
0.060805427,-6.46687E-06,1.57307E-05,1.61896E-06,-1.31734E-05,3.02988E-06,6.97498E-06
0.060259051,-6.43423E-06,1.56134E-05,1.64993E-06,-1.31144E-05,3.02866E-06,6.78776E-06
0.059802892,-6.36517E-06,1.54049E-05,1.67112E-06,-1.29679E-05,3.00768E-06,6.5673E-06
0.059430979,-6.26183E-06,1.51104E-05,1.68302E-06,-1.27391E-05,2.96805E-06,6.31579E-06
0.059137469,-6.12627E-06,1.47352E-05,1.68613E-06,-1.24329E-05,2.91091E-06,6.0354E-06
0.05891665,-5.96053E-06,1.42846E-05,1.68093E-06,-1.20543E-05,2.83732E-06,5.72823E-06
0.058762941,-5.76661E-06,1.37636E-05,1.66788E-06,-1.16081E-05,2.74836E-06,5.39633E-06
0.058670893,-5.54645E-06,1.31771E-05,1.64746E-06,-1.1099E-05,2.64506E-06,5.04173E-06
0.058635187,-5.30197E-06,1.25301E-05,1.6201E-06,-1.05316E-05,2.52846E-06,4.66639E-06
0.058650633,-5.03503E-06,1.18272E-05,1.58627E-06,-9.91036E-06,2.39954E-06,4.27224E-06
0.058712175,-4.74746E-06,1.10732E-05,1.54638E-06,-9.23972E-06,2.25929E-06,3.86116E-06
0.058814886,-4.44104E-06,1.02724E-05,1.50086E-06,-8.52396E-06,2.10864E-06,3.43499E-06
0.058953971,-4.1175E-06,9.42945E-06,1.45013E-06,-7.76729E-06,1.94855E-06,2.9955E-06
0.059124764,-3.77855E-06,8.54854E-06,1.39459E-06,-6.97378E-06,1.7799E-06,2.54444E-06
0.059322732,-3.42584E-06,7.63389E-06,1.33465E-06,-6.14744E-06,1.60359E-06,2.08351E-06
0.059543472,-3.06098E-06,6.68961E-06,1.27067E-06,-5.29214E-06,1.42048E-06,1.61435E-06
0.059782711,-2.68555E-06,5.71968E-06,1.20305E-06,-4.41168E-06,1.23141E-06,1.13857E-06
0.060036308,-2.30107E-06,4.72799E-06,1.13214E-06,-3.50973E-06,1.0372E-06,6.57738E-07
0.060300253,-1.90902E-06,3.7183E-06,1.05831E-06,-2.58987E-06,8.38645E-07,1.73354E-07
0.060570666,-1.51086E-06,2.69429E-06,9.81904E-07,-1.65558E-06,6.36513E-07,-3.13109E-07
0.060843798,-1.10799E-06,1.6595E-06,9.0326E-07,-7.10233E-07,4.31559E-07,-8.00231E-07
0.061116032,-7.01753E-07,6.1739E-07,8.22709E-07,2.42896E-07,2.24508E-07,-1.28664E-06
0.061383881,-2.93479E-07,-4.2871E-07,7.4057E-07,1.20064E-06,1.60672E-08,-1.77099E-06
0.061643987,1.15561E-07,-1.47557E-06,6.57154E-07,2.15993E-06,-1.93081E-07,-2.25202E-06
0.061893127,5.24134E-07,-2.52006E-06,5.72762E-07,3.1178E-06,-4.02277E-07,-2.72847E-06
0.062128205,9.3105E-07,-3.55917E-06,4.87685E-07,4.07139E-06,-6.10883E-07,-3.19916E-06
0.062346259,1.33516E-06,-4.58999E-06,4.02206E-07,5.01794E-06,-8.18283E-07,-3.66294E-06
0.062544455,1.73536E-06,-5.60972E-06,3.16597E-07,5.95479E-06,-1.02388E-06,-4.1187E-06
0.062720091,2.13059E-06,-6.61568E-06,2.31121E-07,6.87938E-06,-1.22712E-06,-4.5654E-06
0.062870598,2.51983E-06,-7.60529E-06,1.46033E-07,7.78926E-06,-1.42743E-06,-5.00202E-06
0.062993534,2.90209E-06,-8.57606E-06,6.15771E-08,8.68208E-06,-1.62431E-06,-5.42759E-06
0.063086591,3.27645E-06,-9.52564E-06,-2.20127E-08,9.55559E-06,-1.81724E-06,-5.8412E-06
0.063147589,3.642E-06,-1.04518E-05,-1.0451E-07,1.04077E-05,-2.00574E-06,-6.24197E-06
0.063174483,3.9979E-06,-1.13523E-05,-1.857E-07,1.12362E-05,-2.18936E-06,-6.62908E-06
0.063165354,4.34333E-06,-1.22252E-05,-2.65376E-07,1.20393E-05,-2.36766E-06,-7.00175E-06
0.063118418,4.67753E-06,-1.30685E-05,-3.4334E-07,1.28152E-05,-2.54023E-06,-7.35924E-06
0.063032019,4.99978E-06,-1.38804E-05,-4.19405E-07,1.3562E-05,-2.70668E-06,-7.70085E-06
0.062904634,5.30939E-06,-1.46592E-05,-4.93392E-07,1.42782E-05,-2.86664E-06,-8.02595E-06
0.062734869,5.60572E-06,-1.54033E-05,-5.65134E-07,1.49622E-05,-3.01976E-06,-8.33393E-06
0.062521462,5.88817E-06,-1.61111E-05,-6.3447E-07,1.56125E-05,-3.16573E-06,-8.62425E-06
0.062263281,6.15619E-06,-1.67813E-05,-7.01252E-07,1.6228E-05,-3.30423E-06,-8.89639E-06
0.061959327,6.40927E-06,-1.74127E-05,-7.65338E-07,1.68073E-05,-3.435E-06,-9.14989E-06
0.061608729,6.64693E-06,-1.80039E-05,-8.26599E-07,1.73493E-05,-3.55778E-06,-9.38434E-06
0.061210749,6.86874E-06,-1.85541E-05,-8.84911E-07,1.78529E-05,-3.67233E-06,-9.59937E-06
0.060764779,7.07432E-06,-1.90621E-05,-9.40164E-07,1.83174E-05,-3.77845E-06,-9.79465E-06
0.060270341,7.26333E-06,-1.95272E-05,-9.92255E-07,1.87418E-05,-3.87595E-06,-9.9699E-06
0.05972709,7.43545E-06,-1.99486E-05,-1.04109E-06,1.91255E-05,-3.96465E-06,-1.01249E-05
0.059134809,7.59044E-06,-2.03257E-05,-1.08659E-06,1.94678E-05,-4.04443E-06,-1.02594E-05
0.058493415,7.72808E-06,-2.06579E-05,-1.12867E-06,1.97682E-05,-4.11515E-06,-1.03734E-05
0.057802955,7.84818E-06,-2.09449E-05,-1.16728E-06,2.00264E-05,-4.17672E-06,-1.04667E-05
0.057063604,7.95062E-06,-2.11863E-05,-1.20235E-06,2.0242E-05,-4.22906E-06,-1.05392E-05
0.056361208,8.03212E-06,-2.13714E-05,-1.23315E-06,2.04089E-05,-4.27047E-06,-1.05862E-05
0.0557765,8.09021E-06,-2.14918E-05,-1.2591E-06,2.05227E-05,-4.29966E-06,-1.06038E-05
0.055302213,8.12598E-06,-2.15505E-05,-1.28042E-06,2.05859E-05,-4.31719E-06,-1.05934E-05
0.054931232,8.14048E-06,-2.15507E-05,-1.2973E-06,2.06009E-05,-4.32362E-06,-1.05565E-05
0.054656597,8.13476E-06,-2.14952E-05,-1.30996E-06,2.05701E-05,-4.3195E-06,-1.04945E-05
0.054471503,8.10984E-06,-2.1387E-05,-1.31858E-06,2.04957E-05,-4.30535E-06,-1.04087E-05
0.054369299,8.06674E-06,-2.1229E-05,-1.32337E-06,2.03799E-05,-4.28171E-06,-1.03005E-05
0.054343488,8.00643E-06,-2.10239E-05,-1.32452E-06,2.02251E-05,-4.24909E-06,-1.01712E-05
0.054387729,7.92989E-06,-2.07745E-05,-1.3222E-06,2.00334E-05,-4.20799E-06,-1.0022E-05
0.054495835,7.83806E-06,-2.04836E-05,-1.31662E-06,1.98069E-05,-4.15892E-06,-9.85436E-06
0.054661772,7.73187E-06,-2.01537E-05,-1.30794E-06,1.95476E-05,-4.10235E-06,-9.66935E-06
0.054879663,7.61224E-06,-1.97874E-05,-1.29635E-06,1.92578E-05,-4.03876E-06,-9.46824E-06
0.055143785,7.48004E-06,-1.93873E-05,-1.28201E-06,1.89393E-05,-3.96862E-06,-9.25219E-06
0.055448567,7.33616E-06,-1.89558E-05,-1.26511E-06,1.85941E-05,-3.89238E-06,-9.02238E-06
0.055788596,7.18145E-06,-1.84954E-05,-1.24579E-06,1.82241E-05,-3.81049E-06,-8.77992E-06
0.056158612,7.01673E-06,-1.80084E-05,-1.22424E-06,1.78313E-05,-3.72338E-06,-8.52592E-06
0.056553509,6.84283E-06,-1.74971E-05,-1.20059E-06,1.74174E-05,-3.63147E-06,-8.26146E-06
0.056968337,6.66053E-06,-1.69638E-05,-1.17502E-06,1.69842E-05,-3.53519E-06,-7.98759E-06
0.057398298,6.47062E-06,-1.64107E-05,-1.14767E-06,1.65335E-05,-3.43493E-06,-7.70534E-06
0.057838753,6.27385E-06,-1.58399E-05,-1.11869E-06,1.6067E-05,-3.3311E-06,-7.41569E-06
0.058285212,6.07095E-06,-1.52534E-05,-1.08823E-06,1.55863E-05,-3.22407E-06,-7.11962E-06
0.058733345,5.86265E-06,-1.46534E-05,-1.05642E-06,1.50932E-05,-3.11422E-06,-6.81808E-06
0.059178971,5.64964E-06,-1.40418E-05,-1.0234E-06,1.4589E-05,-3.00192E-06,-6.51198E-06
0.059618069,5.4326E-06,-1.34205E-05,-9.89309E-07,1.40754E-05,-2.88752E-06,-6.20222E-06
0.060046769,5.2122E-06,-1.27914E-05,-9.54274E-07,1.35539E-05,-2.77137E-06,-5.88966E-06
0.060461357,4.98906E-06,-1.21562E-05,-9.18421E-07,1.3026E-05,-2.6538E-06,-5.57514E-06
0.060858272,4.76383E-06,-1.15168E-05,-8.81874E-07,1.24929E-05,-2.53514E-06,-5.25946E-06
0.06123411,4.53709E-06,-1.08748E-05,-8.4475E-07,1.19561E-05,-2.4157E-06,-4.94343E-06
0.061585619,4.30943E-06,-1.02319E-05,-8.07167E-07,1.1417E-05,-2.29578E-06,-4.62779E-06
0.061909703,4.08142E-06,-9.58956E-06,-7.69235E-07,1.08767E-05,-2.17569E-06,-4.31328E-06
0.062203421,3.8536E-06,-8.94942E-06,-7.31064E-07,1.03365E-05,-2.0557E-06,-4.00061E-06
0.062463986,3.6265E-06,-8.31292E-06,-6.92758E-07,9.79766E-06,-1.93609E-06,-3.69045E-06
0.062688764,3.40062E-06,-7.68148E-06,-6.54418E-07,9.26127E-06,-1.81712E-06,-3.38345E-06
0.062875278,3.17645E-06,-7.05646E-06,-6.16141E-07,8.72845E-06,-1.69906E-06,-3.08026E-06
0.063021204,2.95446E-06,-6.43916E-06,-5.78022E-07,8.20026E-06,-1.58214E-06,-2.78146E-06
0.063124374,2.7351E-06,-5.83082E-06,-5.40151E-07,7.67773E-06,-1.4666E-06,-2.48763E-06
0.063182772,2.5188E-06,-5.23265E-06,-5.02614E-07,7.16182E-06,-1.35266E-06,-2.19932E-06
0.06319454,2.30596E-06,-4.64577E-06,-4.65496E-07,6.65349E-06,-1.24055E-06,-1.91704E-06
0.063157971,2.09699E-06,-4.07128E-06,-4.28874E-07,6.15362E-06,-1.13045E-06,-1.6413E-06
0.063071515,1.89225E-06,-3.51019E-06,-3.92825E-07,5.66306E-06,-1.02258E-06,-1.37256E-06
0.062933776,1.6921E-06,-2.96347E-06,-3.57422E-07,5.18262E-06,-9.17102E-07,-1.11126E-06
0.062743512,1.49686E-06,-2.43205E-06,-3.22733E-07,4.71306E-06,-8.14205E-07,-8.57825E-07
0.062499636,1.30686E-06,-1.91677E-06,-2.88822E-07,4.25512E-06,-7.1405E-07,-6.12633E-07
0.062201216,1.12239E-06,-1.41845E-06,-2.55753E-07,3.80946E-06,-6.16791E-07,-3.7605E-07
0.061847472,9.43727E-07,-9.37823E-07,-2.23581E-07,3.37673E-06,-5.22573E-07,-1.48412E-07
0.061437783,7.71127E-07,-4.7559E-07,-1.92362E-07,2.95751E-06,-4.3153E-07,6.99721E-08
0.060971678,6.04829E-07,-3.23827E-08,-1.62147E-07,2.55237E-06,-3.43787E-07,2.78819E-07
0.060448844,4.45051E-07,3.91217E-07,-1.32982E-07,2.1618E-06,-2.59458E-07,4.77872E-07
0.059869121,2.91992E-07,7.94686E-07,-1.0491E-07,1.78629E-06,-1.78647E-07,6.66902E-07
0.059232503,1.45834E-07,1.17755E-06,-7.79719E-08,1.42624E-06,-1.01449E-07,8.45706E-07
0.058620567,3.04052E-09,1.54811E-06,-5.20427E-08,1.06567E-06,-2.5495E-08,1.01896E-06
0.058110393,-1.39855E-07,1.9146E-06,-2.69687E-08,6.8939E-07,5.15058E-08,1.19126E-06
0.057695466,-2.82588E-07,2.27658E-06,-2.74361E-09,2.98996E-07,1.29352E-07,1.36233E-06
0.057369408,-4.249E-07,2.63359E-06,2.06392E-08,-1.03971E-07,2.07849E-07,1.53189E-06
0.057125983,-5.6654E-07,2.98519E-06,4.31865E-08,-5.17998E-07,2.86805E-07,1.69969E-06
0.056959095,-7.07266E-07,3.33098E-06,6.49052E-08,-9.41613E-07,3.66035E-07,1.86547E-06
0.05686279,-8.46842E-07,3.67054E-06,8.58024E-08,-1.37338E-06,4.45358E-07,2.02897E-06
0.056831254,-9.85037E-07,4.00349E-06,1.05885E-07,-1.81189E-06,5.24599E-07,2.18996E-06
0.056858814,-1.12163E-06,4.32946E-06,1.25161E-07,-2.25579E-06,6.03587E-07,2.3482E-06
0.056939937,-1.25641E-06,4.64807E-06,1.43638E-07,-2.70375E-06,6.82156E-07,2.50348E-06
0.057069233,-1.38917E-06,4.95898E-06,1.61324E-07,-3.15447E-06,7.60146E-07,2.65557E-06
0.057241449,-1.5197E-06,5.26186E-06,1.78226E-07,-3.60671E-06,8.37402E-07,2.80427E-06
0.057451478,-1.64781E-06,5.5564E-06,1.94352E-07,-4.05925E-06,9.13773E-07,2.94938E-06
0.057694349,-1.77332E-06,5.84229E-06,2.09712E-07,-4.5109E-06,9.89115E-07,3.09071E-06
0.057965234,-1.89606E-06,6.11924E-06,2.24313E-07,-4.96052E-06,1.06329E-06,3.22806E-06
0.058259447,-2.01584E-06,6.38697E-06,2.38165E-07,-5.40701E-06,1.13615E-06,3.36128E-06
0.058572441,-2.1325E-06,6.64523E-06,2.51275E-07,-5.84929E-06,1.20758E-06,3.49019E-06
0.058899809,-2.24589E-06,6.89377E-06,2.63653E-07,-6.28633E-06,1.27745E-06,3.61464E-06
0.059237288,-2.35586E-06,7.13237E-06,2.75308E-07,-6.71713E-06,1.34565E-06,3.73447E-06
0.059580752,-2.46226E-06,7.36079E-06,2.86249E-07,-7.14074E-06,1.41204E-06,3.84954E-06
0.05992622,-2.56496E-06,7.57884E-06,2.96486E-07,-7.55622E-06,1.47653E-06,3.95971E-06
0.060269848,-2.66382E-06,7.78634E-06,3.06029E-07,-7.96269E-06,1.53901E-06,4.06486E-06
0.060607934,-2.75874E-06,7.9831E-06,3.14887E-07,-8.3593E-06,1.59938E-06,4.16488E-06
0.060936919,-2.8496E-06,8.16898E-06,3.23071E-07,-8.74523E-06,1.65755E-06,4.25965E-06
0.061253382,-2.93628E-06,8.34382E-06,3.3059E-07,-9.11972E-06,1.71342E-06,4.34907E-06
0.061554043,-3.01869E-06,8.50749E-06,3.37456E-07,-9.48201E-06,1.76692E-06,4.43305E-06
0.061835766,-3.09674E-06,8.65989E-06,3.43679E-07,-9.83141E-06,1.81795E-06,4.5115E-06
0.062095551,-3.17034E-06,8.8009E-06,3.49269E-07,-1.01672E-05,1.86646E-06,4.58434E-06
0.062330543,-3.23941E-06,8.93044E-06,3.54237E-07,-1.04889E-05,1.91235E-06,4.65151E-06
0.062538026,-3.30388E-06,9.04844E-06,3.58596E-07,-1.07957E-05,1.95559E-06,4.71295E-06
0.062715424,-3.3637E-06,9.15484E-06,3.62354E-07,-1.10872E-05,1.99609E-06,4.76859E-06
0.062860303,-3.4188E-06,9.24959E-06,3.65525E-07,-1.13629E-05,2.03382E-06,4.81841E-06
0.062970371,-3.46913E-06,9.33268E-06,3.6812E-07,-1.16221E-05,2.06871E-06,4.86235E-06
0.063043474,-3.51465E-06,9.40407E-06,3.7015E-07,-1.18646E-05,2.10073E-06,4.9004E-06
0.0630776,-3.55533E-06,9.46377E-06,3.71628E-07,-1.20899E-05,2.12984E-06,4.93253E-06
0.063070879,-3.59114E-06,9.5118E-06,3.72565E-07,-1.22976E-05,2.15599E-06,4.95873E-06
0.063021581,-3.62206E-06,9.54819E-06,3.72975E-07,-1.24874E-05,2.17918E-06,4.979E-06
0.062928116,-3.64808E-06,9.57297E-06,3.72869E-07,-1.26589E-05,2.19935E-06,4.99334E-06
0.062789036,-3.66918E-06,9.58621E-06,3.72261E-07,-1.2812E-05,2.21651E-06,5.00176E-06
0.062603033,-3.68538E-06,9.58797E-06,3.71164E-07,-1.29463E-05,2.23064E-06,5.00429E-06
0.06236894,-3.69667E-06,9.57834E-06,3.6959E-07,-1.30618E-05,2.24171E-06,5.00094E-06
0.062085732,-3.70308E-06,9.55743E-06,3.67554E-07,-1.31582E-05,2.24975E-06,4.99177E-06
0.061752523,-3.70463E-06,9.52535E-06,3.65067E-07,-1.32354E-05,2.25473E-06,4.97682E-06
0.061368568,-3.70134E-06,9.48222E-06,3.62145E-07,-1.32933E-05,2.25667E-06,4.95613E-06
0.060933265,-3.69326E-06,9.42819E-06,3.58799E-07,-1.3332E-05,2.25559E-06,4.92977E-06
0.06044615,-3.68043E-06,9.36342E-06,3.55044E-07,-1.33513E-05,2.25149E-06,4.89781E-06
0.059906902,-3.6629E-06,9.28809E-06,3.50894E-07,-1.33514E-05,2.2444E-06,4.86032E-06
0.059315339,-3.64072E-06,9.20237E-06,3.46363E-07,-1.33323E-05,2.23434E-06,4.8174E-06
0.058671421,-3.61398E-06,9.10647E-06,3.41466E-07,-1.3294E-05,2.22136E-06,4.76913E-06
0.057975249,-3.58272E-06,9.00061E-06,3.36216E-07,-1.32368E-05,2.20547E-06,4.71563E-06
0.057310873,-3.54329E-06,8.87187E-06,3.30088E-07,-1.31452E-05,2.18411E-06,4.65026E-06
0.056757491,-3.49242E-06,8.70862E-06,3.22598E-07,-1.30055E-05,2.15498E-06,4.5671E-06
0.056308153,-3.43077E-06,8.51298E-06,3.13834E-07,-1.28205E-05,2.11853E-06,4.46721E-06
0.055956052,-3.35903E-06,8.28704E-06,3.0388E-07,-1.2593E-05,2.07522E-06,4.35168E-06
0.055694534,-3.27785E-06,8.03281E-06,2.92819E-07,-1.23256E-05,2.02549E-06,4.22155E-06
0.055517091,-3.18787E-06,7.7523E-06,2.8073E-07,-1.20208E-05,1.96977E-06,4.07784E-06
0.055417365,-3.08972E-06,7.44744E-06,2.67692E-07,-1.16814E-05,1.90847E-06,3.92155E-06
0.055389146,-2.98401E-06,7.12015E-06,2.53784E-07,-1.13097E-05,1.84203E-06,3.75367E-06
0.055426375,-2.87134E-06,6.77229E-06,2.3908E-07,-1.09082E-05,1.77083E-06,3.57514E-06
0.055523138,-2.75231E-06,6.40567E-06,2.23654E-07,-1.04792E-05,1.69527E-06,3.38692E-06
0.055673673,-2.62748E-06,6.02207E-06,2.07578E-07,-1.00253E-05,1.61574E-06,3.1899E-06
0.055872366,-2.49741E-06,5.62323E-06,1.90922E-07,-9.54848E-06,1.53262E-06,2.98499E-06
0.05611375,-2.36266E-06,5.21084E-06,1.73754E-07,-9.05114E-06,1.44627E-06,2.77305E-06
0.056392509,-2.22375E-06,4.78654E-06,1.56142E-07,-8.53541E-06,1.35706E-06,2.55493E-06
0.056703475,-2.0812E-06,4.35194E-06,1.38149E-07,-8.0034E-06,1.26532E-06,2.33145E-06
0.057041629,-1.93553E-06,3.9086E-06,1.1984E-07,-7.45718E-06,1.17141E-06,2.10342E-06
0.0574021,-1.78721E-06,3.45804E-06,1.01274E-07,-6.89874E-06,1.07565E-06,1.87163E-06
0.057780167,-1.63673E-06,3.00174E-06,8.25127E-08,-6.33005E-06,9.78367E-07,1.63682E-06
0.058171256,-1.48456E-06,2.54114E-06,6.36129E-08,-5.75301E-06,8.79869E-07,1.39975E-06
0.058570943,-1.33114E-06,2.07761E-06,4.46308E-08,-5.16944E-06,7.80462E-07,1.16111E-06
0.058974953,-1.17691E-06,1.61251E-06,2.56208E-08,-4.58115E-06,6.80442E-07,9.21619E-07
0.05937916,-1.02231E-06,1.14715E-06,6.63531E-09,-3.98987E-06,5.80093E-07,6.81934E-07
0.059779586,-8.67726E-07,6.82785E-07,-1.22747E-08,-3.39727E-06,4.79691E-07,4.42709E-07
0.060172401,-7.13571E-07,2.20637E-07,-3.10602E-08,-2.80497E-06,3.79504E-07,2.04571E-07
0.060553925,-5.60223E-07,-2.38117E-07,-4.96739E-08,-2.21456E-06,2.7979E-07,-3.18736E-08
0.060920628,-4.08052E-07,-6.92343E-07,-6.80703E-08,-1.62753E-06,1.80798E-07,-2.66042E-07
0.061269125,-2.57415E-07,-1.14095E-06,-8.62054E-08,-1.04536E-06,8.27666E-08,-4.97371E-07
0.061596184,-1.08655E-07,-1.58289E-06,-1.04037E-07,-4.6944E-07,-1.40724E-08,-7.25321E-07
0.061898719,3.79016E-08,-2.01716E-06,-1.21526E-07,9.88716E-08,-1.09498E-07,-9.49375E-07
0.062173793,1.81938E-07,-2.4428E-06,-1.38632E-07,6.58281E-07,-2.03297E-07,-1.16904E-06
0.06241862,3.23152E-07,-2.85888E-06,-1.5532E-07,1.20755E-06,-2.95267E-07,-1.38383E-06
0.06263056,4.61256E-07,-3.26453E-06,-1.71554E-07,1.74549E-06,-3.85214E-07,-1.59331E-06
0.062807124,5.95976E-07,-3.65891E-06,-1.87301E-07,2.27096E-06,-4.72953E-07,-1.79704E-06
0.062945969,7.27051E-07,-4.04124E-06,-2.0253E-07,2.78291E-06,-5.58307E-07,-1.99462E-06
0.063044904,8.54233E-07,-4.41076E-06,-2.1721E-07,3.28029E-06,-6.4111E-07,-2.18565E-06
0.063101885,9.77289E-07,-4.76678E-06,-2.31314E-07,3.76215E-06,-7.21204E-07,-2.36978E-06
0.063115017,1.096E-06,-5.10862E-06,-2.44815E-07,4.22757E-06,-7.98442E-07,-2.54666E-06
0.063082553,1.21016E-06,-5.43566E-06,-2.5769E-07,4.67569E-06,-8.72683E-07,-2.71598E-06
0.063002897,1.31957E-06,-5.74734E-06,-2.69915E-07,5.10572E-06,-9.43797E-07,-2.87743E-06
0.0628746,1.42405E-06,-6.04312E-06,-2.81469E-07,5.5169E-06,-1.01166E-06,-3.03074E-06
0.062696362,1.52345E-06,-6.3225E-06,-2.92333E-07,5.90853E-06,-1.07617E-06,-3.17565E-06
0.062467032,1.6176E-06,-6.58504E-06,-3.0249E-07,6.27999E-06,-1.13722E-06,-3.31194E-06
0.062185608,1.70637E-06,-6.83032E-06,-3.11923E-07,6.63069E-06,-1.19471E-06,-3.43939E-06
0.061851236,1.78964E-06,-7.058E-06,-3.2062E-07,6.9601E-06,-1.24855E-06,-3.55782E-06
0.061463212,1.86729E-06,-7.26775E-06,-3.28567E-07,7.26773E-06,-1.29869E-06,-3.66706E-06
0.061020979,1.93922E-06,-7.45928E-06,-3.35755E-07,7.55319E-06,-1.34504E-06,-3.76696E-06
0.060524131,2.00536E-06,-7.63237E-06,-3.42175E-07,7.81608E-06,-1.38755E-06,-3.85741E-06
0.05997241,2.06562E-06,-7.78683E-06,-3.47819E-07,8.05612E-06,-1.42617E-06,-3.9383E-06
0.059365705,2.11996E-06,-7.9225E-06,-3.52683E-07,8.27304E-06,-1.46086E-06,-4.00956E-06
0.058704055,2.16833E-06,-8.03929E-06,-3.56763E-07,8.46664E-06,-1.4916E-06,-4.07113E-06
0.058070078,2.21041E-06,-8.1402E-06,-3.59862E-07,8.6378E-06,-1.51654E-06,-4.12252E-06
0.057541743,2.24609E-06,-8.22855E-06,-3.6182E-07,8.78803E-06,-1.53408E-06,-4.16357E-06
0.057112352,2.27562E-06,-8.30473E-06,-3.62692E-07,8.91807E-06,-1.5446E-06,-4.19471E-06
0.056775348,2.29927E-06,-8.36911E-06,-3.62533E-07,9.02866E-06,-1.54846E-06,-4.21638E-06
0.056524318,2.31728E-06,-8.42208E-06,-3.61396E-07,9.12055E-06,-1.54601E-06,-4.22899E-06
0.056352994,2.3299E-06,-8.464E-06,-3.59332E-07,9.19445E-06,-1.5376E-06,-4.23296E-06
0.056255252,2.33737E-06,-8.49523E-06,-3.56393E-07,9.25108E-06,-1.52357E-06,-4.2287E-06
0.05622511,2.33994E-06,-8.51614E-06,-3.52629E-07,9.29112E-06,-1.50425E-06,-4.21661E-06
0.056256734,2.33783E-06,-8.52708E-06,-3.48089E-07,9.31527E-06,-1.47998E-06,-4.19707E-06
0.056344431,2.33127E-06,-8.5284E-06,-3.4282E-07,9.32421E-06,-1.45107E-06,-4.17048E-06
0.056482654,2.32051E-06,-8.52046E-06,-3.36871E-07,9.3186E-06,-1.41783E-06,-4.13721E-06
0.056665999,2.30574E-06,-8.50359E-06,-3.30286E-07,9.29909E-06,-1.38058E-06,-4.09763E-06
0.056889207,2.2872E-06,-8.47813E-06,-3.23112E-07,9.26633E-06,-1.3396E-06,-4.05212E-06
0.057147163,2.26508E-06,-8.44441E-06,-3.15392E-07,9.22094E-06,-1.2952E-06,-4.00101E-06
0.057434895,2.23962E-06,-8.40277E-06,-3.07169E-07,9.16356E-06,-1.24766E-06,-3.94467E-06
0.057747577,2.211E-06,-8.35352E-06,-2.98486E-07,9.09478E-06,-1.19725E-06,-3.88343E-06
0.058080526,2.17943E-06,-8.29699E-06,-2.89383E-07,9.0152E-06,-1.14426E-06,-3.81763E-06
0.058429204,2.1451E-06,-8.23349E-06,-2.799E-07,8.92542E-06,-1.08894E-06,-3.7476E-06
0.058789216,2.10821E-06,-8.16333E-06,-2.70078E-07,8.82601E-06,-1.03155E-06,-3.67365E-06
0.059156312,2.06894E-06,-8.08682E-06,-2.59953E-07,8.71752E-06,-9.72344E-07,-3.59609E-06
0.059526386,2.02748E-06,-8.00426E-06,-2.49563E-07,8.60052E-06,-9.11568E-07,-3.51524E-06
0.059895476,1.984E-06,-7.91594E-06,-2.38944E-07,8.47555E-06,-8.49458E-07,-3.4314E-06
0.060259765,1.93869E-06,-7.82215E-06,-2.2813E-07,8.34313E-06,-7.86245E-07,-3.34484E-06
0.060615579,1.8917E-06,-7.72319E-06,-2.17157E-07,8.20379E-06,-7.22153E-07,-3.25586E-06
0.060959388,1.84322E-06,-7.61933E-06,-2.06057E-07,8.05803E-06,-6.57399E-07,-3.16473E-06
0.061287808,1.79339E-06,-7.51086E-06,-1.94862E-07,7.90635E-06,-5.92193E-07,-3.07171E-06
0.061597597,1.74237E-06,-7.39804E-06,-1.83603E-07,7.74924E-06,-5.26739E-07,-2.97708E-06
0.061885659,1.69033E-06,-7.28115E-06,-1.7231E-07,7.58717E-06,-4.61233E-07,-2.88109E-06
0.06214904,1.63741E-06,-7.16045E-06,-1.61012E-07,7.4206E-06,-3.95864E-07,-2.78397E-06
0.062384933,1.58375E-06,-7.03619E-06,-1.49738E-07,7.24999E-06,-3.30816E-07,-2.68598E-06
0.062590673,1.52949E-06,-6.90865E-06,-1.38513E-07,7.07578E-06,-2.66264E-07,-2.58735E-06
0.062763739,1.47478E-06,-6.77805E-06,-1.27366E-07,6.89839E-06,-2.02376E-07,-2.48829E-06
0.062901756,1.41974E-06,-6.64466E-06,-1.16319E-07,6.71824E-06,-1.39317E-07,-2.38902E-06
0.063002491,1.3645E-06,-6.50871E-06,-1.05398E-07,6.53575E-06,-7.72393E-08,-2.28977E-06
0.063063858,1.30918E-06,-6.37044E-06,-9.46258E-08,6.3513E-06,-1.62929E-08,-2.19073E-06
0.063083912,1.25391E-06,-6.23008E-06,-8.40238E-08,6.16528E-06,4.3381E-08,-2.09209E-06
0.063060854,1.19879E-06,-6.08786E-06,-7.36133E-08,5.97808E-06,1.01648E-07,-1.99405E-06
0.062993029,1.14395E-06,-5.944E-06,-6.34143E-08,5.79003E-06,1.58379E-07,-1.89678E-06
0.062878926,1.08948E-06,-5.79872E-06,-5.34459E-08,5.60151E-06,2.13455E-07,-1.80046E-06
0.062717178,1.03549E-06,-5.65223E-06,-4.3726E-08,5.41284E-06,2.66761E-07,-1.70526E-06
0.062506562,9.82078E-07,-5.50475E-06,-3.42717E-08,5.22436E-06,3.18189E-07,-1.61134E-06
0.062246,9.29335E-07,-5.35647E-06,-2.5099E-08,5.03639E-06,3.6764E-07,-1.51884E-06
0.061934557,8.77351E-07,-5.2076E-06,-1.62229E-08,4.84922E-06,4.15019E-07,-1.42792E-06
0.061571443,8.26212E-07,-5.05833E-06,-7.65747E-09,4.66316E-06,4.60241E-07,-1.33871E-06
0.061156011,7.75999E-07,-4.90885E-06,5.8434E-10,4.47849E-06,5.03225E-07,-1.25134E-06
0.060687761,7.26788E-07,-4.75935E-06,8.4905E-09,4.29548E-06,5.43899E-07,-1.16593E-06
0.060166335,6.78651E-07,-4.61001E-06,1.605E-08,4.11439E-06,5.82197E-07,-1.08261E-06
0.059591518,6.31658E-07,-4.46101E-06,2.32528E-08,3.93548E-06,6.18058E-07,-1.00147E-06
0.058963241,5.85872E-07,-4.31252E-06,3.009E-08,3.75897E-06,6.51432E-07,-9.2262E-07
0.058281579,5.41352E-07,-4.16471E-06,3.65535E-08,3.58511E-06,6.82273E-07,-8.46154E-07
